Bus,busmap
0,AL02
1,AL02
2,AL01
3,AL01
4,AL01
5,AL01
6,AL01
7,AL01
8,AL03
9,AL01
10,AL01
11,AL02
12,AL02
13,AL02
14,AT33
15,AT12
16,AT12
17,AT12
18,AT33
19,AT13
20,AT13
21,AT13
22,AT31
23,AT31
24,AT13
25,AT13
26,AT12
27,AT33
28,AT12
29,AT32
30,AT12
31,AT32
32,AT32
33,AT12
34,AT31
35,AT12
36,AT12
37,AT34
38,AT34
39,DE22
40,DE22
41,AT11
42,AT11
43,AT12
44,AT34
45,AT22
46,AT22
47,AT21
48,AT21
49,AT21
50,AT33
51,AT21
52,AT21
53,AT22
54,AT22
55,AT22
56,AT31
57,AT31
58,AT31
59,AT33
60,AT12
61,AT12
62,AT12
63,AT33
64,AT34
65,AT34
66,AT32
67,AT32
68,AT12
69,AT34
70,AT33
71,AT33
72,AT33
73,AT31
74,AT33
75,AT33
76,AT11
77,AT11
78,AT21
79,AT31
80,AT34
81,AT32
82,AT33
83,AT21
84,AT33
85,AT33
86,AT33
87,AT34
88,AT33
89,AT33
91,BASRP
92,BABIH
93,BABIH
94,BABIH
95,BASRP
96,BASRP
97,BASRP
98,BABIH
99,BABIH
100,BABIH
101,BABIH
102,BE21
103,BE23
104,BE33
105,BE33
106,BE23
107,BE24
108,BE24
109,BE24
110,BE33
111,BE21
112,BE34
113,BE25
114,BE25
115,BE32
116,BE23
117,BE33
118,BE23
119,BE21
120,BE35
121,BE33
122,BE33
123,BE35
124,BE33
125,BE34
126,BE34
127,BE34
128,BE25
129,BE32
130,BE32
131,BE34
132,BE34
133,BE34
134,BE34
135,BE34
136,BE34
137,BE22
138,BE34
139,BE25
140,BE25
141,BE25
142,BE22
143,BE25
144,BE23
145,BG41
146,BG41
147,BG41
148,BG41
149,BG41
150,BG41
151,BG41
152,BG42
153,BG42
154,BG32
155,BG32
156,BG33
157,BG33
158,BG41
159,BG31
160,BG31
161,BG34
162,BG34
163,BG41
164,BG34
165,BG31
166,BG31
167,BG32
168,BG41
169,BG31
170,BG31
171,BG41
172,BG42
173,BG42
175,BG34
176,BG34
177,BG33
178,BG33
179,BG32
182,BG31
184,CH04
185,CH04
186,CH04
187,CH02
188,CH05
189,CH04
190,CH03
191,CH03
192,CH03
193,CH04
194,CH03
195,CH06
196,CH06
197,CH07
198,CH03
199,CH03
200,CH05
201,CH05
202,CH02
203,CH02
204,CH02
205,CH01
206,CH01
207,CH03
208,CH03
209,CH04
210,CH04
211,CH06
212,CH01
213,CH01
214,CH01
215,CH01
216,CH01
217,CH05
218,CH03
219,CH03
220,CH05
221,CH05
222,CH06
223,CH05
224,CH05
225,CH04
226,CH03
227,CH03
228,CH02
229,CH02
230,CH02
231,CH06
232,CH01
233,CH06
234,CH06
235,CH06
236,CH06
237,CH02
238,CH02
239,CH04
240,CH06
241,CH02
242,CH02
243,CH03
244,CH03
245,CH01
246,CH01
247,CH01
248,CH01
249,CH05
250,CH05
251,CH02
252,CH05
253,CH05
254,CH05
255,CH05
256,CH02
257,CH05
258,CH05
259,CH05
260,CH05
261,CH01
262,CH01
263,CH01
264,CH01
265,CH01
266,CH01
267,CH01
268,CH01
269,CH01
270,CH01
271,CH01
272,CH01
273,CH01
274,CH01
275,CH01
276,CH01
277,CH01
278,CH01
279,CH04
280,CH02
281,CH06
282,CH01
283,CH06
284,CH07
285,CH07
286,CH05
287,CH05
288,CH05
289,CH07
290,CH07
291,CH07
292,CH01
293,CH01
294,CH01
295,CH05
296,CH05
297,CH03
298,CH03
299,CH02
300,CH02
301,CH07
302,CH01
303,CH01
304,CH01
305,CH01
306,CH01
307,CH01
308,CH01
309,CH05
310,CH07
311,CH07
312,CH07
313,CH01
314,CH01
315,CH02
316,CH07
317,CH02
318,CH02
319,CZ01
320,CZ06
321,CZ06
322,CZ06
323,CZ06
324,CZ04
325,CZ04
326,CZ05
327,CZ05
328,CZ04
329,CZ04
330,CZ06
331,CZ01
332,CZ02
333,CZ02
334,CZ03
335,CZ05
336,CZ05
337,CZ05
338,CZ03
339,CZ03
340,CZ03
341,CZ01
342,CZ01
343,CZ02
344,CZ02
345,CZ05
346,CZ03
347,CZ04
348,CZ03
349,CZ02
350,CZ08
351,CZ08
352,CZ08
353,CZ07
354,CZ07
355,CZ07
356,CZ08
357,CZ04
358,CZ04
359,CZ08
360,CZ07
361,CZ04
362,CZ04
363,CZ02
364,CZ04
365,CZ04
366,DE71
367,DE21
368,DE60
369,DE30
370,DE21
371,DE21
372,DEA2
373,DEA2
374,DEF0
375,DEF0
376,DEA2
377,DEA2
378,DEA2
379,DEA2
380,DEA2
381,DEA2
382,DEA3
383,DEA3
384,DE11
385,DEA5
386,DEA5
387,DE30
388,DE30
389,DEA5
390,DEA5
391,DEA1
392,DED4
393,DED4
394,DEA4
395,DEA1
396,DEA1
397,DED5
398,DE71
399,DE71
400,DEA1
401,DEA1
402,DEF0
403,DE71
404,DE71
405,DE92
406,DE94
407,DE94
408,DE92
409,DE71
410,DE71
411,DE92
412,DE21
413,DE21
414,DE71
415,DE21
416,DE21
417,DEA4
418,DE21
419,DE91
420,DE91
421,DE91
422,DEA4
423,DEA4
424,DEA1
425,DEA1
426,DEA2
427,DE91
428,DE91
429,DE91
430,DEA3
431,DE92
432,DEA5
433,DEA3
434,DEA3
435,DEA1
436,DEA1
437,DEA1
438,DEA1
439,DEA1
440,DEA1
441,DEA1
442,DE94
443,DE93
444,DE93
445,DEA4
446,DE27
447,DE71
448,DE25
449,DE25
450,DE26
451,DE26
452,DE24
453,DE24
454,DE24
455,DE26
456,DE22
457,DE26
458,DE21
459,DE21
460,DEA1
461,DEA1
462,DEA1
463,DEA1
464,DEA2
465,DEA2
466,DEA3
467,DEA3
468,DE22
469,DE22
470,DEA1
471,DEA1
472,DE14
473,DE14
474,DEF0
475,DEA2
476,DEA3
477,DEA3
478,DE11
479,DE11
480,DEG0
481,DE11
482,DE11
483,DEA4
484,DEA2
485,DE11
486,DEA4
487,DE11
488,DE14
489,DEE0
490,DEE0
491,DE91
492,DEA2
493,DEA2
494,DE11
495,DEA2
496,DEF0
497,DE40
498,DE40
499,DEF0
500,DE92
501,DE92
502,DEA1
503,DEA1
504,DE91
505,DE93
506,DE93
507,DEA4
508,DEA3
509,DEA3
510,DE25
511,DE40
512,DE92
513,DE23
514,DE23
515,DEA3
516,DEA3
517,DE23
518,DE23
519,DE73
520,DE40
521,DE40
522,DEA2
523,DE23
524,DEA3
525,DEA3
526,DEE0
527,DEE0
528,DE91
529,DE40
530,DE40
531,DE80
532,DE92
533,DE30
534,DED2
535,DE40
536,DE27
537,DEF0
538,DEF0
539,DEF0
540,DEF0
541,DE14
542,DE14
543,DE27
544,DE27
545,DE27
546,DE11
547,DE14
548,DE14
549,DE14
550,DE14
551,DE13
552,DE13
553,DE13
554,DE26
555,DE94
556,DE80
557,DE80
558,DE80
559,DE80
560,DE94
561,DE94
562,DE12
563,DEA5
564,DEA2
565,DEE0
566,DE12
567,DE12
568,DE12
569,DED5
570,DED5
571,DE92
572,DE12
573,DE12
574,DE93
575,DE93
576,DE92
577,DEE0
578,DEE0
579,DE94
580,DE94
581,DEA1
582,DEA1
583,DE94
584,DE94
585,DEF0
586,DEF0
587,DEA5
588,DEA5
589,DE13
590,DED4
591,DE94
592,DE94
593,DE11
594,DE12
595,DEA4
596,DEA4
597,DE80
598,DE40
599,DE73
600,DE73
601,DE11
602,DE11
603,DE14
604,DE14
605,DE13
606,DE11
607,DE11
608,DEB2
609,DEB2
610,DE71
611,DE71
612,DEA2
613,DEA2
614,DEA5
615,DEA5
616,DEA5
617,DEA3
618,DEA4
619,DE14
620,DEA5
621,DEA5
622,DEA5
623,DEA3
624,DEA3
625,DE94
626,DE94
627,DE11
628,DE11
629,
630,DE12
631,DE12
632,DE12
633,DE12
634,DE11
635,DE94
636,AT31
637,DE72
638,DEA5
639,DE40
640,DE27
641,DEC0
642,DEC0
643,DE26
644,DE26
645,DE27
646,DE27
647,DE40
648,PL51
649,PL51
650,DE40
651,DE40
652,DEF0
653,DEF0
654,DE94
655,DE94
656,DE71
657,DEA5
658,DEA5
659,DEB2
660,DE21
661,DEF0
662,DEF0
663,DEF0
664,DE21
665,DE27
666,DE22
667,DE22
668,DE22
669,DEC0
670,DEC0
671,DEC0
672,DEC0
673,DEC0
674,DEA5
675,DEA5
676,DE13
677,DE13
678,DEF0
679,DEF0
680,DEA1
681,DEA1
682,DE13
683,DE13
684,DEB1
685,DEB1
686,DEB2
687,DEC0
688,DEC0
689,DEA5
690,DE21
691,DEA1
692,DEA1
693,DE24
694,DE13
695,DEA1
696,DEA1
697,DED4
698,DEA3
699,DEA3
700,DEG0
701,DEG0
702,DEF0
703,DEA5
704,DE21
705,DE21
706,DE40
707,DE40
708,DE21
709,DE21
710,DE11
711,DEG0
712,DEG0
713,DE12
714,DE12
715,DE12
716,DEB2
717,DEB2
718,DE13
719,DE13
720,DE71
721,DE71
722,DEG0
723,DE73
724,DE71
725,DE71
726,DEB2
727,DEB2
728,DEB2
729,DEB2
730,DEB3
731,DEB3
732,DEG0
733,DEB1
734,DEB1
735,DEB3
736,DEB3
737,DEB3
738,DEB3
739,DE12
740,DE12
741,DEB1
742,DEB1
743,DEC0
744,DE73
745,DEG0
746,DEG0
747,DE12
748,DE12
749,DE73
750,DEG0
751,DED2
752,DEA5
753,DED2
754,DE12
756,DEB1
757,DE12
758,DED4
759,DED4
760,DE40
761,DE40
762,DE40
763,DE91
764,DE91
765,DED4
766,DE94
767,DE94
768,DEB1
769,DEB1
770,DE72
771,DE13
772,DE94
773,
774,DE80
775,DE12
776,DEB3
777,DEB3
778,
779,
780,DE40
781,DE71
782,DE71
783,DE91
784,DEA4
785,DEA4
786,DEA4
787,DEF0
788,DK03
789,DK03
790,DEA3
791,DEB3
792,DEE0
793,DE40
794,DED5
795,DED5
796,DEF0
797,DE80
798,DE80
799,DE80
800,DE80
801,DE80
802,DE40
803,DEB3
804,DEB3
805,DEF0
806,DE27
807,DE27
808,DE91
809,DE91
810,DEF0
811,DE94
812,DE94
813,DE94
814,DE94
815,DEA3
816,DE91
817,DE91
818,DE92
819,DE94
820,DE94
821,DE94
822,DEF0
823,DE40
824,DE40
825,DE40
826,DE40
827,DE80
828,DE80
829,DED2
830,DED2
831,DE80
832,DE80
833,DEE0
834,DEE0
835,DE80
836,DEF0
837,DE80
838,DEG0
839,DE91
840,DE91
841,DEA3
842,DEA3
843,DE92
844,DE92
845,DE92
846,DE92
847,DE25
848,DE93
849,DE93
850,DEB2
851,DE40
852,DEF0
853,DE93
854,DED4
855,DE27
856,DE11
857,DEF0
858,DE94
859,DE72
860,DE72
862,DK01
863,DK01
864,DK01
865,DK01
866,DK02
867,DK02
868,DK03
869,DK03
870,DK03
871,DK04
872,DK02
873,DK04
874,DK03
875,DK03
876,DK04
878,DK04
879,DK05
880,DK05
881,DK04
882,DK04
883,DK04
884,DK01
885,DK01
886,DK03
887,DK02
888,DK03
889,DK01
890,DK04
891,DK01
892,DK04
893,DK02
894,DK03
895,DK03
896,DK03
897,EE00
898,EE00
900,EE00
901,EE00
902,EE00
903,EE00
904,EE00
905,EE00
906,EE00
907,EE00
908,EE00
909,EE00
910,EE00
911,ES30
912,ES30
913,ES30
914,ES12
915,ES12
916,ES30
917,ES30
918,ES30
919,ES30
920,ES30
921,ES30
922,ES30
923,ES30
924,ES30
925,ES30
926,ES30
927,ES30
928,ES30
929,ES30
930,ES30
931,ES52
932,ES30
933,ES30
934,ES30
935,ES30
936,ES21
937,ES21
938,ES21
939,ES52
940,ES52
941,ES52
942,ES52
943,ES51
944,ES61
945,ES12
946,ES12
947,ES61
948,ES13
949,ES61
950,ES41
951,ES24
952,ES13
953,ES41
954,ES41
955,ES41
956,PT11
957,PT11
958,ES23
959,ES41
960,ES41
961,ES41
962,ES41
963,ES24
964,ES24
965,ES22
966,ES22
967,ES43
968,ES43
969,ES41
970,ES13
971,ES13
972,ES52
973,ES41
974,ES13
975,ES13
976,ES42
977,ES41
978,ES41
979,ES41
980,ES24
981,ES24
982,ES52
983,ES52
984,ES11
985,ES11
986,ES21
987,ES41
988,ES11
989,ES24
990,ES51
991,ES51
992,ES41
993,ES41
994,ES41
995,ES41
996,ES51
997,ES51
998,ES51
999,ES41
1000,ES61
1001,ES61
1002,ES51
1003,ES52
1004,ES52
1005,ES41
1006,ES53
1007,ES43
1008,ES11
1009,ES41
1010,ES41
1012,ES23
1013,ES23
1014,ES12
1015,ES12
1016,ES23
1017,ES23
1018,ES23
1019,ES42
1020,ES22
1021,ES22
1022,ES43
1023,ES43
1024,ES11
1025,ES52
1026,ES61
1027,ES61
1028,ES61
1029,ES61
1030,ES61
1031,ES61
1032,ES61
1033,ES61
1034,ES61
1035,ES61
1036,ES61
1037,ES41
1038,ES11
1039,ES11
1040,ES11
1041,ES22
1042,ES41
1043,ES41
1044,ES41
1045,ES11
1046,ES11
1047,ES11
1048,ES11
1049,ES21
1050,ES21
1051,ES51
1052,ES51
1053,ES43
1054,ES62
1055,ES62
1056,ES41
1057,ES11
1058,ES22
1059,ES51
1060,ES51
1061,ES51
1062,ES21
1063,ES21
1064,ES41
1065,ES41
1066,ES41
1067,ES51
1068,ES51
1069,ES52
1070,ES52
1071,ES52
1072,ES52
1073,ES52
1074,ES24
1075,ES62
1076,ES24
1077,ES24
1078,ES53
1079,ES41
1080,ES24
1081,ES24
1082,ES11
1083,ES53
1084,ES53
1085,ES51
1086,ES51
1087,ES11
1088,ES24
1089,ES24
1090,ES24
1091,ES53
1092,ES11
1093,ES11
1094,ES11
1095,ES41
1096,ES41
1097,ES41
1098,ES41
1099,ES41
1100,ES11
1101,ES11
1102,ES11
1103,ES11
1104,ES11
1105,ES11
1106,ES11
1107,ES11
1108,ES11
1109,ES11
1110,ES11
1111,ES11
1112,ES11
1113,ES41
1114,ES41
1115,ES41
1116,ES41
1117,ES41
1118,ES41
1119,ES61
1120,ES61
1121,ES43
1122,ES43
1123,ES43
1124,ES43
1125,ES52
1126,ES43
1127,ES43
1128,ES61
1129,ES61
1130,ES61
1131,ES61
1132,ES61
1133,ES61
1134,ES62
1135,ES61
1136,ES62
1137,ES62
1138,ES62
1139,ES62
1140,ES62
1141,ES52
1142,ES52
1143,ES52
1144,ES52
1145,ES42
1146,ES42
1147,ES42
1148,ES51
1149,ES51
1150,ES51
1151,ES51
1152,ES51
1153,ES24
1154,ES24
1155,ES42
1156,ES21
1157,ES61
1158,ES61
1159,ES61
1160,ES61
1161,ES61
1162,ES42
1163,ES42
1164,ES42
1165,ES61
1166,ES43
1167,ES24
1168,ES24
1169,ES24
1170,ES21
1171,ES21
1172,ES41
1173,ES41
1174,ES53
1175,ES61
1176,ES42
1177,ES11
1178,ES41
1179,ES41
1180,ES61
1181,ES51
1182,ES51
1183,ES43
1184,ES43
1185,ES51
1186,ES51
1187,ES51
1189,ES51
1190,ES51
1191,ES51
1192,ES51
1193,ES51
1194,ES51
1195,ES51
1196,ES24
1197,ES24
1198,ES24
1199,ES51
1200,ES51
1201,ES51
1202,ES11
1203,ES24
1204,ES51
1205,ES24
1206,ES24
1207,ES24
1208,ES42
1209,ES41
1210,ES24
1211,ES24
1212,ES24
1213,ES24
1214,ES24
1215,ES24
1216,ES42
1217,ES30
1218,ES30
1219,ES42
1220,ES43
1221,ES61
1222,ES61
1223,ES61
1224,ES61
1225,ES61
1226,ES61
1227,ES41
1228,ES42
1229,ES41
1230,ES41
1231,ES41
1232,ES41
1233,ES42
1234,ES42
1235,ES42
1236,ES42
1237,ES42
1238,ES61
1239,ES61
1240,ES61
1241,ES61
1242,ES61
1243,ES61
1244,ES61
1245,ES61
1246,ES61
1247,ES61
1248,ES52
1249,ES52
1250,ES52
1251,ES52
1252,ES52
1253,ES52
1254,ES52
1255,ES52
1256,ES52
1258,ES52
1259,ES52
1260,ES61
1261,ES42
1262,ES42
1263,ES42
1264,ES24
1265,ES41
1266,ES51
1267,ES51
1268,ES51
1271,ES41
1272,ES42
1273,ES42
1274,ES61
1275,ES61
1276,ES22
1277,ES22
1278,ES22
1279,ES22
1280,ES22
1281,ES61
1282,ES61
1283,ES61
1284,ES61
1285,ES11
1286,ES41
1287,ES11
1288,ES61
1289,ES12
1290,ES12
1291,ES12
1292,ES12
1293,ES12
1294,ES12
1295,ES41
1296,ES51
1297,ES51
1298,ES24
1299,ES24
1301,ES42
1302,ES61
1303,ES61
1304,ES61
1306,ES41
1307,ES41
1308,ES13
1309,ES12
1310,ES41
1311,ES41
1312,ES51
1313,ES21
1314,ES21
1315,ES21
1316,ES21
1317,ES21
1318,ES21
1319,ES21
1320,ES21
1321,ES21
1322,ES21
1323,ES23
1324,ES22
1325,ES21
1326,ES24
1327,ES24
1328,ES51
1329,ES51
1330,ES41
1331,ES51
1332,ES51
1333,ES61
1334,ES61
1335,ES12
1336,ES42
1337,ES41
1338,ES41
1339,ES11
1340,ES11
1341,ES11
1342,ES43
1343,ES43
1344,ES61
1345,ES61
1346,ES42
1347,ES51
1348,ES51
1349,ES42
1350,ES42
1351,ES42
1352,ES24
1354,ES42
1355,ES52
1356,ES51
1357,ES52
1358,ES30
1359,ES41
1360,ES13
1361,ES52
1362,ES41
1363,ES61
1364,ES61
1365,ES30
1366,ES41
1367,ES61
1368,ES61
1369,ES41
1370,ES24
1371,ES24
1372,ES51
1373,ES21
1374,ES24
1375,ES24
1376,ES51
1377,ES13
1378,ES61
1379,ES24
1380,ES24
1381,ES11
1382,ES61
1383,ES52
1385,ES61
1386,ES61
1387,ES42
1388,ES61
1389,ES41
1390,ES24
1391,ES42
1392,ES42
1393,ES62
1394,ES43
1395,ES43
1396,ES11
1397,ES24
1398,ES24
1399,ES61
1400,ES43
1401,ES43
1402,ES62
1403,ES24
1404,ES24
1405,ES41
1406,ES41
1407,ES52
1408,ES52
1409,ES61
1410,ES62
1411,ES62
1412,ES24
1413,ES61
1414,ES43
1415,ES41
1416,ES11
1417,ES23
1418,ES52
1419,ES52
1420,ES61
1422,ES24
1423,ES24
1424,ES24
1425,ES24
1426,ES51
1427,ES61
1428,ES41
1429,ES43
1430,ES41
1431,ES24
1432,ES24
1433,ES24
1434,ES24
1435,ES43
1436,ES43
1437,ES61
1438,ES41
1441,ES13
1442,ES13
1443,ES13
1444,ES13
1445,ES41
1446,ES24
1447,ES43
1448,ES43
1449,ES24
1450,ES43
1451,ES43
1452,ES43
1453,ES42
1454,ES42
1455,ES11
1457,ES41
1459,ES21
1460,ES41
1461,ES12
1463,ES42
1464,ES11
1465,ES42
1466,ES42
1467,ES43
1468,ES43
1472,ES51
1473,ES51
1474,ES52
1475,ES52
1477,ES61
1478,ES43
1479,ES43
1480,ES41
1481,ES43
1484,ES41
1485,ES61
1486,FI1B
1487,FI19
1488,FI1B
1489,FI1B
1490,FI19
1491,FI1C
1492,FI19
1493,FI1D
1494,FI1B
1495,FI1D
1496,FI1C
1497,FI1C
1498,FI1C
1499,FI19
1500,FI19
1501,FI1C
1502,FI19
1503,FI1D
1504,FI19
1505,FI1D
1506,FI1C
1507,FI1D
1508,FI1D
1509,FI1D
1510,FI19
1511,FI1D
1512,FI1D
1513,FI1C
1514,FI1B
1515,FI19
1516,FI1D
1517,FI19
1518,FI1D
1519,FI1D
1520,FI1B
1521,FI19
1522,FI1D
1523,FI1D
1524,FI1D
1526,FI1B
1527,FI1D
1528,FI19
1529,FI19
1530,FI1D
1531,FI1D
1532,FI1D
1533,FI1D
1534,FI1D
1535,FI1D
1536,FI1D
1537,FI1D
1538,NO07
1539,FI19
1540,FI1D
1541,FI1D
1542,FI1D
1543,FI1D
1544,FI1D
1545,FI1D
1546,FI1D
1548,FI19
1549,FI1D
1550,FRJ2
1551,FR10
1552,FRJ1
1553,FRB0
1554,FRB0
1555,FR10
1556,FR10
1557,FRK2
1558,FRK2
1559,FRK2
1560,FRK2
1561,FRK2
1562,FRK2
1563,FRK2
1564,FRJ1
1565,FR10
1566,FR10
1567,FR10
1568,FR10
1569,FRJ1
1570,FRJ1
1571,FR10
1572,FRL0
1573,FRL0
1574,FR10
1575,FR10
1576,FRI1
1577,FRB0
1578,FRL0
1579,FRG0
1580,FR10
1581,FR10
1582,FR10
1583,FR10
1584,FRD2
1585,FRG0
1586,FR10
1587,FRF1
1588,FRF1
1589,FR10
1590,FRF1
1591,FRB0
1592,FRB0
1593,FRD2
1594,FRD2
1595,FRD2
1596,FRE1
1597,FRE1
1598,FR10
1599,FR10
1600,FR10
1601,FR10
1602,FRE2
1603,FRE2
1604,FRJ1
1605,FRJ1
1606,FRI3
1607,FRF3
1608,FRC2
1609,FRC2
1610,FRG0
1611,FRC2
1612,FRK2
1613,FRF1
1614,FR10
1615,FR10
1616,FRB0
1617,FRJ1
1618,FRK1
1619,FRF1
1620,FRF1
1621,FR10
1622,FRB0
1623,FRK2
1624,FRC1
1625,FRF1
1626,FRF1
1627,FRF1
1628,FRJ2
1629,FRJ2
1630,FRK2
1631,FRK2
1632,FRK2
1633,FRG0
1634,FRI3
1635,FRK2
1636,FR10
1637,FRE1
1638,FRE1
1639,FRL0
1640,FRE1
1641,FRE1
1642,FRK2
1643,FRK2
1644,FRK1
1645,FRK1
1646,FRK1
1647,FRK1
1648,FRK1
1649,FRK1
1650,FRK1
1651,FRK1
1652,FRK2
1653,FRK2
1654,FRE1
1655,FRJ2
1656,FR10
1657,FR10
1658,FRI1
1659,FRJ2
1660,FRJ2
1661,FRC1
1662,FRC1
1663,FRF1
1664,FRF1
1665,FRF1
1666,FRF1
1667,FRF3
1668,FRF3
1669,FRF3
1670,FRF3
1671,FRF3
1672,FRF3
1673,DE13
1674,FRF3
1675,FRI2
1676,FRI2
1677,FRF2
1678,FRF2
1679,FR10
1680,FR10
1681,FR10
1682,FR10
1683,FR10
1684,FRF2
1685,FRF2
1686,FRF2
1687,FRF2
1688,FRJ1
1689,FRJ1
1690,FRJ1
1691,FRF2
1692,FRF2
1693,FRE1
1694,FRE1
1695,FRF2
1696,FRF2
1697,FRE2
1698,FRK2
1699,FRK2
1700,FR10
1701,FRJ2
1702,FRJ2
1703,FRK2
1704,FRK2
1705,FRK2
1706,FRK2
1707,FRK2
1708,FRK2
1709,FRK2
1710,FRK2
1711,FRK2
1712,FRK2
1713,FRK2
1714,FRK2
1715,FRK2
1716,FRE2
1717,FRE2
1718,FRE1
1719,FRE1
1720,FRE1
1721,FRE1
1722,FRE1
1723,FRE2
1724,FRE2
1725,FRE2
1726,FRE2
1727,FRE2
1728,FR10
1729,FRI3
1730,FRE1
1731,FRE1
1732,FRE1
1733,FRE1
1734,FRD2
1735,FRD2
1736,FRE2
1737,FRE2
1738,FRE2
1739,FRD2
1740,FRD2
1741,FRD2
1742,FRD2
1743,FRD1
1744,FRD1
1745,FRD1
1746,FRD1
1747,FRD1
1748,FRD1
1749,FRD1
1750,FRD1
1751,FRH0
1752,FRH0
1753,FRH0
1754,FRH0
1755,FRG0
1756,FRG0
1757,FRB0
1758,FRB0
1759,FRB0
1760,FRB0
1761,FRB0
1762,FRB0
1763,FRB0
1764,FRB0
1765,FRB0
1766,FRH0
1767,FRF2
1768,FRJ2
1769,FR10
1770,FR10
1771,FR10
1772,FRC2
1773,FR10
1774,FRL0
1775,FRL0
1776,FRF3
1777,FRL0
1778,FR10
1779,FRL0
1780,FRL0
1781,FRK2
1782,FRK2
1783,FRC2
1784,FRH0
1785,FRK2
1786,FRK2
1787,FRK2
1788,FRJ2
1790,FRC1
1791,FRC1
1792,FRJ1
1793,FRJ1
1794,FRE2
1795,FRH0
1796,FRG0
1797,FRG0
1798,FRG0
1799,FRL0
1800,FRL0
1801,FRK2
1802,FRK2
1803,FR10
1804,FRL0
1805,FRL0
1806,FRG0
1807,FRJ1
1808,FRE1
1809,FRI2
1810,FRK2
1811,FRL0
1812,FRI1
1813,FRI1
1814,FRI3
1815,FRI3
1816,FRI3
1817,FRI3
1818,FRI3
1819,FRI3
1820,FRI3
1821,FRI3
1822,FRB0
1823,FRB0
1824,FRI1
1825,FRI1
1826,FRJ2
1827,FRJ2
1828,FRH0
1829,FRF2
1830,FRD1
1831,FRE1
1832,FRE1
1833,FRJ2
1834,FRJ2
1835,FRJ2
1836,FRJ1
1837,FRJ1
1838,FRJ1
1839,FRJ2
1840,FRJ2
1841,FRI3
1842,FRI3
1843,FRJ2
1844,FRJ1
1845,FRL0
1846,FRJ2
1847,FRJ2
1848,FRI1
1849,FRI1
1850,FRI1
1851,FRI1
1852,FRI1
1853,FRI1
1854,FRI1
1855,FRI1
1856,FRI1
1857,FRL0
1858,FRD1
1859,FRG0
1860,FRG0
1861,FRG0
1862,FRG0
1863,FRI2
1864,FRJ2
1865,FRI1
1866,FRJ2
1867,FRJ1
1868,FRJ1
1869,FRJ1
1870,FRG0
1871,FRJ2
1872,FRC1
1873,FRC1
1874,FRL0
1875,FRL0
1876,FRL0
1877,FRJ2
1878,FRI3
1879,FRH0
1880,FRJ2
1881,FR10
1882,FR10
1883,FRB0
1884,FRB0
1885,FRB0
1886,FRF1
1887,FRC1
1888,FRE1
1889,FRE1
1890,FRE2
1891,FRE2
1892,FRF1
1893,FRF1
1894,FRF1
1895,FRF1
1896,FRF1
1897,FRK2
1898,FRK2
1899,FRK2
1900,FRK2
1901,FRK2
1902,FRG0
1903,FRL0
1904,FRE2
1905,FR10
1906,FR10
1907,FRF2
1908,FRF2
1909,FRJ2
1910,FRJ2
1911,FRF2
1912,FRF2
1913,FRF2
1914,FRK1
1915,FRD2
1916,FRJ2
1917,FRC2
1918,FRC2
1919,FRF2
1920,FRF2
1921,FRF2
1922,FRF2
1923,FRF3
1924,FRF3
1925,FRF3
1926,FRF3
1927,FRJ2
1928,FRJ2
1929,FRF3
1930,FRJ1
1931,FRJ1
1932,FRF3
1933,FRF3
1934,FRF1
1935,FRK1
1936,FRL0
1937,FRL0
1938,FRL0
1939,FRL0
1940,FRL0
1941,FRC1
1942,FRC1
1943,FRC1
1944,FRC2
1945,FRC2
1946,FRC1
1947,FRC1
1948,FRC1
1949,FRK2
1950,FRK2
1951,FRK2
1952,FRK2
1953,FRH0
1954,FRC1
1955,FRC2
1956,FRF3
1957,FRI1
1958,FRK1
1959,FRK1
1960,FRH0
1961,FRF1
1962,FRK2
1963,FRC1
1964,FRC1
1965,FRI1
1966,FRF1
1967,FRK2
1968,FRF3
1969,FRF3
1970,FRE1
1971,FRE1
1972,FRE1
1973,FRE1
1974,FRE1
1975,FRF2
1976,FRJ1
1977,FRJ1
1978,FRC1
1979,FRC1
1980,FRF1
1981,FRK2
1982,FRJ1
1983,FRK2
1984,FRJ1
1985,FRK1
1986,FRK2
1987,FRL0
1988,FRK2
1989,FRE1
1990,FRK2
1991,FRK2
1992,FRK2
1993,FRK2
1994,FRF3
1995,FRF3
1996,FRE1
1997,FRK2
1998,FRK2
1999,FRI1
2000,FRL0
2001,FRJ1
2002,FRK2
2003,FRI1
2004,FRK2
2005,FRK1
2006,FRK1
2007,FRF1
2008,FRK1
2009,FRK1
2010,FRF3
2011,FRJ1
2012,FRK1
2014,FRK1
2015,FRK1
2016,FRK1
2017,FR10
2018,FRI2
2019,FRI2
2020,FRD2
2021,FRI2
2022,FRF3
2023,FRF3
2024,FRI2
2025,FRB0
2026,FRI2
2027,FRJ2
2028,FRL0
2029,FRI2
2030,FRF1
2031,FRI3
2032,FRI3
2033,FRI1
2034,FRH0
2035,FRC1
2036,FRC1
2037,FRG0
2038,FRI1
2039,FRG0
2040,FRK2
2041,FRE2
2042,FRD1
2043,FRH0
2044,FRG0
2045,FRH0
2046,FRI3
2047,FRF1
2048,FRI1
2049,FRG0
2050,FRF1
2051,FRF1
2052,FRI1
2053,FRE2
2054,FRK2
2055,FRE2
2056,FRL0
2057,FRE2
2058,FRJ2
2059,FRL0
2060,FRL0
2061,FRH0
2062,FRH0
2063,FRH0
2064,FRE2
2065,FRF3
2066,FRK2
2067,FRK2
2068,FRK2
2069,FRK2
2070,FRK2
2071,FRK2
2072,FRC1
2073,FRJ2
2074,FRH0
2075,FRH0
2076,FRL0
2077,FRL0
2078,FRG0
2079,FRL0
2080,FRL0
2081,FRD2
2082,FRD2
2083,FRJ1
2084,FRH0
2085,FRK2
2086,FRF2
2087,FRF2
2088,FRK2
2089,FRH0
2090,FRK2
2091,FRF2
2092,FRG0
2093,FRF2
2094,FRB0
2095,FRE1
2096,FRE1
2097,FRF3
2098,FRE1
2099,FRF3
2100,FRF3
2101,FRF3
2102,FRK2
2103,FRK2
2104,FRK2
2105,FRE1
2106,FRK2
2107,FRE2
2108,FRK2
2109,FRG0
2110,FRK2
2111,FRE1
2112,FRE2
2113,FRD2
2114,FRD1
2115,FRI1
2116,FRE1
2117,FRE2
2118,FRL0
2119,FRE2
2120,FRL0
2121,FRL0
2122,FRL0
2123,FRL0
2124,FRL0
2125,FRL0
2126,FRL0
2127,FRI3
2128,FRI1
2129,FRI3
2130,FRB0
2131,FRG0
2132,FRC1
2133,FRC1
2134,FRC1
2135,FRC2
2136,FRC2
2137,FRF3
2138,FRF2
2139,FRG0
2140,FRD2
2141,FRB0
2142,FRD2
2143,FRE2
2144,FR10
2145,FR10
2146,FRE1
2147,FRE1
2148,FRB0
2149,FRF2
2150,FRE1
2151,FRF3
2152,FRH0
2153,FRH0
2154,FRC1
2155,FRC1
2156,FRB0
2157,FRE2
2158,FRK2
2159,FRK2
2160,FRK2
2161,FRK2
2162,FRL0
2163,FRF1
2164,FRF3
2165,FR10
2166,FRI1
2167,FRI1
2168,FRF3
2169,FRF3
2170,FRF3
2171,FRB0
2172,FRF3
2173,FRB0
2174,FRF3
2175,FRJ2
2176,FRF3
2177,FRK2
2178,FRH0
2179,FRH0
2180,FRF1
2181,FRF1
2182,FRE2
2183,FRD1
2184,FRL0
2185,FRF3
2186,FRF3
2187,FRK2
2188,FRK2
2189,FRI1
2190,FRI1
2191,FRL0
2192,FRL0
2193,FRJ2
2195,FRD2
2196,FRC1
2198,FRF3
2199,FRF2
2200,FRL0
2201,FRL0
2202,FRJ2
2204,FRL0
2205,FRL0
2206,FRK2
2207,FRK2
2208,FRB0
2209,FRJ2
2210,FRF3
2211,FRD2
2212,FRI1
2213,FRC2
2214,FRC1
2215,FRC1
2216,FRJ2
2217,FRF2
2218,FRI2
2219,FRL0
2220,FRL0
2221,FRL0
2222,FRL0
2223,FRL0
2224,FRK2
2225,FRK2
2226,FRK2
2227,FRG0
2228,FRG0
2229,FRI3
2230,FRD1
2231,FRK2
2232,FRB0
2233,FRJ2
2234,FRG0
2235,FRI3
2236,FRK2
2237,FRL0
2238,FRG0
2239,FRG0
2240,FRC1
2241,FRC1
2242,FR10
2243,FR10
2244,FRG0
2245,FRC2
2246,FRC2
2247,FRF3
2248,FRF3
2249,FRK1
2250,FRJ2
2251,FRJ2
2252,FRJ1
2253,FRL0
2254,FRK2
2255,FRK2
2256,FRL0
2257,FRG0
2258,FRE2
2259,FRE2
2260,FRI2
2261,FRI1
2262,FRK1
2263,FRC2
2264,FRB0
2265,FRE1
2266,FRE1
2267,FRL0
2268,FRK2
2269,FRK2
2270,FRL0
2271,FRI1
2272,FRJ2
2273,FRL0
2274,FR10
2275,FRB0
2276,FR10
2277,FRF1
2278,FRF1
2279,FRL0
2280,FRG0
2281,FRL0
2282,FRE2
2283,FRI1
2284,FRI1
2285,FRE2
2286,FRL0
2287,FRL0
2288,FRJ1
2289,FRE2
2290,FRE1
2291,FRB0
2292,FRL0
2293,FRF2
2294,FRE2
2296,FR10
2297,FRL0
2300,FRI3
2301,FRG0
2302,FRH0
2304,FRE2
2305,FRH0
2306,FRK2
2307,FRC1
2308,FRJ2
2309,FRJ2
2310,FRL0
2311,FRJ1
2312,FRC2
2313,FRJ1
2314,FRF3
2315,FRI3
2316,FRJ2
2318,FRE1
2319,GBJ3
2320,GBH2
2321,GBH2
2322,GBI7
2323,GBI7
2324,GBH3
2325,GBH3
2326,GBJ3
2327,GBH3
2328,GBH3
2329,GBJ1
2330,GBE3
2331,GBE3
2332,GBI5
2333,GBD6
2334,GBD6
2335,GBD6
2336,GBD6
2337,GBL2
2338,GBI4
2339,GBI5
2340,GBI5
2341,GBJ1
2342,GBJ1
2343,GBJ2
2344,GBI6
2345,GBI6
2346,GBI6
2347,GBI3
2348,GBI6
2349,GBI6
2350,GBJ3
2351,GBI6
2352,GBJ3
2353,GBH2
2354,GBH1
2355,GBH1
2356,GBE4
2357,GBE1
2358,GBG3
2359,GBG3
2360,GBH1
2361,GBK4
2362,GBK4
2363,GBM7
2364,GBM7
2365,GBM7
2366,GBG3
2367,GBJ2
2368,GBH3
2369,GBD7
2370,GBI3
2371,GBI3
2372,GBH1
2373,GBI5
2374,GBI5
2375,GBJ3
2376,GBE1
2377,GBE1
2378,GBK4
2379,GBK3
2380,GBH1
2381,GBH1
2382,GBI7
2383,GBI7
2384,GBJ1
2385,GBL2
2386,GBL2
2387,GBC1
2388,GBC1
2389,GBC1
2390,GBC1
2391,GBK1
2392,GBK2
2393,GBK2
2394,GBG1
2395,GBG1
2396,GBK2
2397,GBG3
2398,GBG3
2399,GBM7
2400,GBM7
2401,GBM7
2402,GBM6
2403,GBM6
2404,GBF1
2405,GBM7
2406,GBH3
2407,GBD4
2408,GBL2
2409,GBM8
2410,GBM8
2411,GBF1
2412,GBF1
2413,GBG2
2414,GBH2
2415,GBJ4
2416,GBF2
2417,GBJ3
2418,GBH2
2419,GBL1
2420,GBH2
2421,GBL1
2422,GBL1
2423,GBL1
2424,GBM7
2425,GBM7
2426,GBK2
2427,GBE2
2428,GBF2
2429,GBF2
2430,GBE3
2431,GBE2
2432,GBE2
2433,GBE3
2434,GBE3
2435,GBE3
2436,GBF1
2437,GBJ4
2438,GBM8
2439,GBJ2
2440,GBC2
2441,GBC2
2442,GBG2
2443,GBG2
2444,GBG3
2445,GBF1
2446,GBJ1
2447,GBD6
2448,GBD6
2449,GBG2
2450,GBG2
2451,GBK1
2452,GBG1
2453,GBD3
2454,GBD3
2455,GBD3
2456,GBD3
2457,GBD3
2458,GBD4
2459,GBD4
2460,GBD4
2461,GBG3
2462,GBG3
2463,GBK1
2464,GBL2
2465,GBL1
2466,GBL1
2467,GBL1
2468,GBG1
2469,GBG1
2470,GBG1
2471,GBC2
2472,GBM7
2473,GBM7
2474,GBD3
2475,GBD3
2476,GBM7
2477,GBC1
2478,GBC1
2479,GBL2
2480,GBL1
2481,GBK4
2482,GBM9
2483,GBM9
2484,GBH3
2485,GBL2
2486,GBM9
2487,GBI5
2488,GBI5
2489,GBK1
2490,GBK1
2491,GBM8
2492,GBJ4
2493,GBE2
2494,GBE2
2495,GBM7
2496,GBM7
2497,GBM6
2498,GBM6
2499,GBM6
2500,GBJ1
2501,GBM5
2502,GBM5
2503,GBM9
2504,GBM9
2505,GBK2
2506,GBL1
2507,GBM9
2508,GBM6
2509,GBG2
2510,GBM5
2511,GBM5
2512,GBD3
2513,GBN0
2514,GBN0
2515,GBG2
2516,GBE4
2517,GBE4
2518,GBL1
2519,GBM9
2520,GBC2
2521,GBM9
2522,GBM8
2523,GBM8
2524,GBF1
2525,GBF1
2526,GBN0
2527,GBE1
2528,GBD7
2529,GBE3
2530,GBE1
2531,GBE2
2532,GBD3
2533,GBD3
2534,GBE4
2535,GBE4
2536,GBN0
2537,GBC2
2538,GBE2
2539,GBF3
2540,GBF3
2541,GBC1
2542,GBC1
2543,GBC2
2544,GBE1
2545,GBE1
2546,GBE2
2547,GBE3
2548,GBM8
2549,GBM8
2550,GBM8
2552,GBN0
2553,GBN0
2554,GBN0
2555,GBM6
2556,GBM6
2557,GBM6
2558,GBM5
2559,GBM9
2561,GBM7
2562,GBM9
2563,GBJ4
2564,GBJ4
2565,GBJ4
2566,GBH1
2567,GBL1
2568,GBL1
2569,GBL1
2570,GBM9
2571,GBM9
2572,GBK2
2573,GBK2
2574,GBK1
2575,GBM9
2576,GBM9
2577,GBM6
2578,GBM6
2579,GBM6
2580,GBM9
2581,GBM9
2583,GBD4
2584,GBC2
2585,GBC2
2586,GBE2
2587,GBF1
2588,GBF1
2589,GBD6
2590,GBN0
2591,GBD7
2592,GBF3
2593,GBN0
2594,GBM7
2595,GBM7
2596,GBL1
2597,GBI4
2598,GBI4
2599,GBF1
2600,GBM7
2601,GBM7
2602,GBM7
2603,GBM7
2604,GBM6
2605,GBM6
2606,GBM6
2607,GBL1
2608,GBM6
2609,GBM6
2610,GBM6
2611,GBM6
2614,GBD7
2615,GBJ4
2616,GBM9
2617,GBM9
2618,GBM9
2619,GBM6
2620,GBK4
2621,GBM6
2622,GBM6
2623,GBM6
2624,GBM6
2625,GBM5
2626,GBM5
2627,GBM5
2628,GBM5
2630,GBH3
2631,GBK2
2632,GBK1
2634,GBD7
2635,GBL1
2636,GBM7
2637,GBM6
2638,GBM6
2639,GBJ4
2640,GBC1
2641,GBM8
2642,GR64
2643,GR30
2644,GR52
2645,GR64
2646,GR64
2647,GR30
2648,GR30
2649,GR30
2650,GR30
2651,GR30
2652,GR53
2653,GR63
2654,GR61
2655,GR53
2656,GR64
2657,GR53
2658,HR03
2659,HR03
2660,HR03
2661,HR03
2662,HR03
2663,HR05
2664,HR06
2665,HR05
2666,HR05
2667,HR02
2668,HR02
2669,HR03
2670,HR02
2671,HR03
2672,HR03
2673,HR02
2674,HR03
2675,HR03
2676,HR03
2677,HR03
2678,HR03
2679,HU23
2680,HU21
2681,HU22
2682,HU23
2683,HU21
2684,HU21
2685,HU12
2686,HU12
2687,HU11
2688,HU12
2689,HU12
2690,HU33
2691,HU33
2692,HU32
2693,HU23
2694,HU22
2695,HU22
2696,HU22
2697,HU12
2698,HU31
2699,HU31
2700,HU31
2701,HU22
2702,HU31
2703,HU33
2704,HU21
2705,HU21
2706,HU32
2707,HU31
2708,HU32
2709,HU32
2710,HU21
2711,HU32
2712,HU32
2713,HU32
2714,HU21
2715,HU11
2716,HU12
2717,HU12
2718,HU12
2719,HU32
2720,IE06
2721,IE06
2722,IE04
2723,IE05
2724,IE06
2725,IE06
2726,IE06
2727,IE05
2728,IE05
2729,IE05
2730,IE05
2731,IE06
2732,IE05
2734,IE04
2735,IE04
2736,IE05
2737,IE05
2738,IE04
2739,IE05
2740,IE04
2741,IE04
2742,IE06
2743,IE05
2744,IE05
2745,IE05
2746,IE05
2747,IE06
2748,IE06
2749,IE06
2750,IE06
2751,IE06
2752,IE06
2753,IE06
2755,IE05
2756,IE06
2757,IE06
2758,IE05
2759,IE05
2760,ITC4
2761,ITC4
2762,ITH1
2763,ITI3
2764,ITI3
2765,ITH5
2766,ITH5
2767,ITI1
2768,ITI1
2769,ITI1
2770,ITI1
2771,ITH4
2772,ITH4
2773,ITC4
2774,ITH1
2775,ITG1
2776,ITG1
2777,ITG1
2778,ITG1
2779,ITG1
2780,ITG1
2781,ITG1
2782,ITG1
2783,ITG1
2784,ITC4
2785,ITC4
2786,ITC1
2787,ITC1
2788,ITI4
2789,ITH4
2790,ITH3
2791,ITH3
2792,ITH3
2793,ITH3
2794,ITI4
2795,ITH3
2796,ITH3
2797,ITH4
2798,ITH3
2799,ITH3
2800,ITH4
2801,ITH4
2802,ITH1
2803,ITC3
2804,ITF2
2805,ITF1
2806,ITH4
2807,ITH4
2808,ITF4
2809,ITF4
2810,ITF4
2811,ITF4
2812,ITH4
2813,ITG1
2814,ITH4
2815,ITC3
2816,ITF1
2817,ITF1
2818,ITH4
2819,ITI2
2820,ITI2
2821,ITC4
2822,ITH3
2823,ITH3
2824,ITC1
2825,ITC1
2826,ITC4
2827,ITC4
2828,ITC4
2829,ITC4
2830,ITC4
2831,ITC4
2832,ITC4
2833,ITC4
2834,ITC4
2835,ITC4
2836,ITC4
2837,ITC4
2838,ITC1
2839,ITC1
2840,ITI3
2841,ITC4
2842,ITC4
2843,ITC4
2844,ITC4
2845,ITC4
2846,ITC4
2847,ITI4
2848,ITI4
2849,ITI4
2850,ITH5
2851,ITC4
2852,ITI4
2853,ITI4
2854,ITH3
2855,ITH5
2856,ITH5
2857,ITC4
2858,ITC4
2859,ITH3
2860,ITH5
2861,ITH5
2862,ITC4
2863,ITI4
2864,ITI4
2865,ITC1
2866,ITH2
2867,ITF3
2868,ITF3
2869,ITF3
2870,ITI1
2871,ITF3
2872,ITF1
2873,ITH3
2874,ITF3
2875,ITF3
2876,ITI4
2877,ITF3
2878,ITF3
2879,ITF3
2880,ITC4
2881,ITC4
2882,ITF3
2883,ITF3
2884,ITF3
2885,ITI4
2886,ITI4
2888,ITF1
2889,ITF1
2890,ITH2
2891,ITC1
2892,ITC1
2893,ITC1
2894,ITC1
2895,ITH1
2896,ITC4
2897,ITC4
2898,ITC1
2899,ITC1
2900,ITC1
2901,ITC1
2902,ITC1
2903,ITI1
2904,ITI1
2905,ITH3
2906,ITH3
2907,ITC1
2908,ITC1
2909,ITC1
2910,ITC1
2911,ITC2
2912,ITC1
2913,ITC1
2914,ITC2
2916,ITC2
2918,ITC2
2919,ITC4
2920,ITF5
2921,ITF4
2922,ITF4
2923,ITF4
2924,ITC1
2925,ITH2
2926,ITC3
2927,ITC3
2928,ITC3
2929,ITC3
2930,ITC3
2931,ITC1
2932,ITC1
2933,ITC1
2935,ITC1
2936,ITC1
2937,ITC1
2938,ITC1
2939,ITC3
2940,ITC3
2941,ITC3
2942,ITC4
2943,ITC4
2944,ITH5
2945,ITH5
2946,ITI1
2947,ITI1
2949,ITF6
2950,ITF6
2951,ITI4
2952,ITF6
2953,ITF6
2954,ITF6
2955,ITF6
2956,ITG1
2957,ITG1
2958,ITF6
2959,ITF6
2960,ITF6
2961,ITH3
2962,ITF3
2963,ITF3
2964,ITH5
2965,ITI1
2966,ITH5
2967,ITC4
2968,ITC4
2969,ITC4
2970,ITG2
2971,ITG2
2972,ITC4
2973,ITI2
2974,ITF3
2975,ITF4
2976,ITH3
2977,ITC4
2978,ITH3
2979,ITF3
2980,ITF3
2981,ITF3
2982,ITF3
2983,ITC4
2984,ITI3
2985,ITG2
2986,ITG2
2987,ITG2
2988,ITH5
2989,ITH5
2990,ITH5
2991,ITI1
2992,ITI1
2993,ITG2
2994,ITH5
2995,ITG2
2996,ITG2
2997,ITG2
2998,ITI1
2999,ITF4
3000,ITF4
3001,ITF4
3002,ITH2
3003,ITH5
3004,ITH3
3005,ITH5
3006,ITH1
3007,ITH2
3008,ITH1
3009,ITC4
3010,ITH1
3011,ITH1
3012,ITH1
3013,ITH3
3014,ITH3
3015,ITH3
3016,ITH3
3017,ITG1
3018,ITI1
3019,ITG1
3020,ITG1
3021,ITH3
3022,ITH3
3023,ITH3
3024,ITC4
3025,ITC4
3026,ITC4
3027,ITC4
3028,ITC4
3029,ITC4
3030,ITC4
3031,ITC4
3032,ITF4
3033,ITI4
3034,ITG1
3035,ITF4
3036,ITC4
3037,ITF6
3038,ITF6
3039,ITC4
3040,ITH3
3041,ITC4
3042,ITH5
3043,ITF4
3044,ITG2
3045,ITG2
3046,ITC4
3047,ITH3
3048,ITI4
3049,ITC4
3050,ITG2
3051,ITF3
3052,ITH3
3053,ITC3
3054,ITG2
3055,ITG2
3056,ITF6
3057,ITF4
3058,ITC1
3059,ITH5
3060,ITF4
3061,ITF5
3062,ITF4
3063,ITC4
3064,ITI1
3065,ITI1
3066,ITI4
3067,ITI4
3068,ITI3
3069,ITI3
3070,ITI4
3071,ITC4
3072,ITH5
3073,ITH5
3074,ITG1
3075,ITG1
3076,ITG1
3077,ITG1
3078,ITF1
3079,ITF3
3080,ITC4
3081,ITC4
3082,ITF2
3083,ITG2
3084,ITG2
3085,ITF2
3086,ITC4
3087,ITI4
3088,ITF4
3089,ITF4
3090,ITF4
3091,ITF3
3092,ITF4
3093,ITC1
3094,ITF5
3095,ITF1
3096,ITF1
3097,ITF1
3098,ITG1
3099,ITF5
3101,ITC4
3102,ITC4
3103,ITF3
3104,ITF3
3105,ITG1
3106,ITF5
3107,ITF3
3108,ITF6
3109,ITH5
3110,ITG1
3111,ITC4
3112,LT01
3113,LT02
3114,LT01
3115,LT02
3116,LT02
3117,LT02
3118,LT02
3119,LT02
3120,LT02
3121,LT02
3122,LT02
3123,LT02
3124,LT02
3125,LT02
3130,LU00
3131,LU00
3132,LU00
3133,LU00
3134,LU00
3135,LU00
3136,LU00
3137,LV00
3138,LV00
3139,LV00
3140,LV00
3141,LV00
3142,LV00
3143,LV00
3144,LV00
3145,LV00
3146,LV00
3147,LV00
3148,LV00
3149,ME00
3150,ME00
3151,ME00
3152,ME00
3153,MK00
3155,MK00
3156,MK00
3157,MK00
3158,NL32
3159,NL41
3160,NL33
3161,NL33
3162,NL33
3163,NL33
3164,NL21
3165,NL23
3166,NL23
3167,NL13
3168,NL11
3169,NL11
3170,NL11
3171,NL11
3172,NL21
3173,NL21
3174,NL12
3175,NL12
3176,NL22
3177,NL23
3178,NL11
3179,NL11
3180,NL33
3181,NL33
3182,NL41
3183,NL42
3184,NL41
3185,NL33
3186,NL33
3187,NL33
3188,NL11
3189,NL33
3190,NL32
3191,NL32
3192,NL34
3193,NL34
3194,NL32
3195,
3196,NL34
3197,NL32
3198,NL22
3199,NL32
3200,NL12
3201,NO08
3202,NO08
3203,NO0A
3204,NO09
3205,NO09
3206,NO09
3207,NO08
3208,NO08
3209,NO09
3210,NO08
3211,NO0A
3212,NO0A
3213,NO08
3214,NO09
3215,NO09
3216,NO08
3217,NO08
3218,NO02
3219,NO0A
3220,NO0A
3221,NO08
3222,NO08
3223,NO08
3226,NO0A
3227,NO08
3228,NO07
3229,NO0A
3230,NO0A
3231,NO08
3232,NO09
3233,NO09
3234,NO06
3235,NO06
3236,NO06
3237,NO06
3238,NO08
3239,NO09
3240,NO09
3241,NO07
3242,NO06
3243,NO07
3244,NO0A
3245,NO02
3246,NO09
3247,NO08
3248,NO08
3249,NO06
3250,NO06
3251,NO06
3252,NO06
3253,NO09
3254,NO09
3255,NO0A
3256,NO0A
3257,NO02
3258,NO02
3259,NO08
3260,NO08
3261,NO08
3262,NO08
3263,NO08
3264,NO08
3265,NO02
3266,NO0A
3267,NO0A
3268,NO0A
3269,NO09
3270,NO09
3271,NO06
3272,NO0A
3273,NO0A
3274,NO0A
3275,NO0A
3276,NO0A
3277,NO07
3278,NO08
3279,NO0A
3280,NO0A
3281,NO0A
3282,NO0A
3283,NO0A
3284,NO0A
3285,NO0A
3286,NO08
3287,NO0A
3288,NO07
3289,NO07
3290,NO07
3291,NO09
3292,NO06
3293,NO06
3295,NO0A
3296,NO06
3297,NO0A
3298,NO0A
3299,NO0A
3300,NO09
3301,NO09
3302,NO0A
3303,NO08
3304,NO0A
3305,NO07
3306,NO07
3307,NO0A
3308,NO09
3309,NO09
3310,PL91
3311,PL91
3312,PL91
3313,PL22
3314,PL41
3315,PL41
3316,PL42
3317,PL42
3318,PL71
3319,PL42
3320,PL42
3321,PL42
3322,PL22
3323,PL22
3324,PL22
3325,PL22
3326,PL61
3327,PL61
3328,PL61
3329,PL61
3330,PL22
3331,PL22
3332,PL61
3333,PL51
3334,PL63
3335,PL21
3336,PL81
3337,PL91
3338,PL91
3339,PL22
3340,PL22
3341,PL91
3342,PL91
3343,PL62
3344,PL62
3345,PL62
3346,PL62
3347,PL71
3348,PL71
3349,PL51
3350,PL51
3351,PL63
3352,PL92
3353,PL92
3354,PL63
3355,PL63
3356,PL41
3357,PL41
3358,PL22
3359,PL22
3360,PL21
3361,PL22
3362,PL22
3363,PL61
3364,PL92
3365,PL92
3366,PL81
3367,PL41
3368,PL22
3369,PL51
3370,PL51
3371,PL71
3372,PL43
3373,PL42
3374,PL21
3375,PL82
3376,PL81
3377,PL62
3378,PL62
3379,PL71
3380,PL81
3381,PL41
3382,PL71
3383,PL92
3384,PL92
3385,PL92
3386,PL81
3387,PL42
3388,PL42
3389,PL51
3390,PL51
3391,PL42
3392,PL42
3393,PL51
3394,PL51
3395,PL51
3396,PL51
3397,PL51
3398,PL51
3399,PL22
3400,PL22
3401,PL22
3402,PL52
3403,PL21
3404,PL21
3405,PL92
3406,PL21
3407,PL82
3408,PL43
3409,PL81
3410,PL81
3411,PL82
3412,PL72
3413,PL72
3414,PL72
3415,PL72
3416,PL72
3417,PL82
3418,PL22
3419,PL41
3420,PL41
3421,PL22
3422,PL72
3423,PL41
3424,PL41
3425,PL22
3426,PL22
3427,PL91
3428,PL91
3429,PL72
3430,PL72
3431,PL41
3432,PL41
3433,PL22
3434,PL52
3435,PL61
3436,PL61
3437,PL41
3438,PL63
3439,PL63
3440,PL84
3441,PL92
3442,PL91
3443,PL91
3444,PL22
3445,PL71
3446,PL71
3447,PL41
3448,PL22
3449,PL84
3450,PL52
3451,PL63
3452,PL63
3453,PL63
3454,PL63
3456,PL42
3457,PL82
3458,PL92
3459,PL92
3461,PT17
3462,PT17
3463,PT17
3464,PT17
3465,PT11
3466,PT16
3467,PT11
3468,PT11
3469,PT11
3470,PT11
3471,PT11
3472,PT11
3473,PT11
3474,PT17
3475,PT16
3476,PT16
3477,PT11
3478,ES11
3479,PT16
3480,PT11
3481,PT11
3482,PT11
3483,PT11
3484,PT11
3485,PT11
3486,PT11
3487,PT16
3488,ES41
3489,ES41
3490,PT11
3491,PT11
3492,PT11
3493,PT11
3494,PT11
3495,PT11
3496,PT11
3497,PT16
3498,PT16
3499,PT16
3500,PT16
3501,PT16
3502,PT16
3503,PT16
3504,PT16
3505,PT16
3506,PT16
3507,PT16
3508,PT16
3509,PT16
3510,PT16
3511,PT16
3513,PT16
3514,PT16
3515,PT16
3516,PT16
3517,PT16
3518,PT18
3519,PT18
3520,PT18
3521,PT16
3522,PT16
3523,PT18
3524,PT18
3525,PT18
3526,PT17
3527,PT17
3528,PT11
3529,PT16
3530,PT16
3531,PT16
3532,PT15
3533,PT17
3534,PT15
3537,PT11
3538,PT11
3539,PT11
3540,PT11
3541,PT11
3542,PT11
3543,PT15
3544,PT16
3545,PT16
3546,PT17
3547,PT18
3548,PT17
3549,PT11
3550,PT11
3551,RO32
3552,RO32
3553,RO32
3554,RO32
3555,RO31
3556,RO22
3557,RO31
3558,RO42
3559,RO12
3560,RO42
3561,RO42
3562,RO31
3563,RO22
3564,RO22
3565,RO42
3566,RO42
3567,RO42
3568,RO12
3569,RO12
3570,RO31
3571,RO41
3572,RO41
3573,RO21
3574,RO21
3575,RO11
3576,RO11
3577,RO12
3578,RO11
3579,RO11
3580,RO31
3581,RO11
3582,RO42
3583,RO11
3584,RO12
3585,RO12
3586,RO22
3587,RO22
3588,RO22
3589,RO21
3590,RO11
3591,RO22
3592,RO12
3593,RO41
3594,RO41
3595,RO41
3596,RO41
3597,RO42
3598,RO41
3599,RO41
3600,RO41
3601,RO41
3602,RO11
3603,RO21
3604,RO21
3605,RO21
3606,RO41
3607,RO42
3608,RO11
3609,RO31
3610,RO31
3611,RO21
3612,RO41
3613,RO21
3614,RO42
3615,RO42
3616,RO11
3617,RO41
3618,RO41
3619,RO12
3620,RO41
3621,RO42
3622,RO42
3623,RO31
3624,RO31
3625,RO31
3626,RO31
3627,RO22
3628,RO22
3629,RO22
3630,RO22
3631,RO22
3632,RS22
3633,RS22
3634,RO22
3635,RO31
3636,RO21
3637,RO12
3638,RO12
3639,RO12
3640,RO12
3641,RO11
3642,RO41
3643,RO22
3644,RO22
3645,RO11
3646,RO21
3647,RO42
3648,RO42
3650,RS12
3651,RS12
3652,RS11
3653,RS11
3654,RS12
3655,RS22
3656,RS22
3657,RS22
3658,RS21
3659,RS22
3660,RS22
3661,RS12
3662,RS12
3663,RS11
3664,RS21
3665,RS22
3666,RS12
3667,RS22
3668,RS22
3669,RS11
3670,RS11
3671,RS21
3672,RS22
3673,RS12
3674,RS21
3675,RS11
3676,RS11
3677,RS21
3678,RS21
3679,RS22
3680,RS22
3681,RS11
3682,RS21
3683,RS21
3684,RS21
3686,RS22
3687,RS12
3688,RS12
3689,RS21
3690,SE11
3691,SE11
3692,SE11
3693,SE11
3694,SE11
3695,SE11
3696,SE11
3697,SE11
3698,SE11
3699,SE23
3700,SE11
3701,SE11
3702,SE11
3703,SE22
3704,SE11
3706,SE31
3707,SE11
3708,SE12
3709,SE11
3710,SE31
3711,SE33
3712,SE23
3713,SE11
3714,SE31
3715,SE12
3716,SE22
3717,SE31
3718,SE12
3719,SE12
3720,SE31
3721,SE11
3722,SE11
3723,SE12
3724,SE12
3725,SE11
3726,SE12
3727,SE12
3728,SE11
3729,SE12
3730,SE23
3731,SE32
3732,SE32
3733,SE32
3734,SE32
3735,SE11
3736,SE21
3737,SE22
3738,SE32
3739,SE32
3740,SE32
3741,SE32
3742,SE31
3743,SE12
3744,SE12
3745,SE12
3746,SE33
3747,SE12
3748,SE33
3749,SE32
3750,SE32
3751,SE33
3752,SE33
3753,SE23
3754,SE12
3755,SE33
3756,SE32
3757,SE12
3758,SE32
3759,SE12
3760,SE12
3761,SE11
3762,SE11
3763,SE12
3764,SE33
3765,SE23
3766,SE23
3767,SE23
3768,SE12
3769,SE31
3770,SE33
3771,SE33
3772,SE32
3773,SE32
3774,SE32
3775,SE32
3776,SE32
3777,SE32
3778,SE32
3779,SE21
3780,SE23
3781,SE23
3782,SE21
3783,SE12
3784,SE31
3785,SE31
3786,SE31
3787,SE23
3788,SE32
3789,SE32
3790,SE32
3791,SE33
3792,SE32
3793,SE33
3794,SE33
3795,SE32
3796,SE32
3797,SE33
3798,SE31
3799,SE33
3800,SE33
3801,SE32
3802,SE32
3803,SE32
3804,SE33
3805,SE32
3806,SE32
3807,SE32
3808,SE32
3809,SE31
3810,SE32
3811,SE32
3812,SE31
3813,SE32
3814,SE32
3815,SE32
3816,SE32
3817,SE32
3818,SE32
3819,SE32
3820,SE33
3821,SE12
3822,SE32
3823,SE32
3824,SE32
3825,SE33
3826,SE33
3827,SE33
3828,SE32
3829,SE32
3830,SE33
3831,SE22
3833,SE31
3834,SE32
3835,SE23
3836,SE33
3837,SE33
3839,SE31
3840,SE32
3842,SE22
3843,SE22
3844,SI04
3845,SI04
3846,SI03
3847,SI03
3848,SI03
3849,SI03
3850,SI03
3851,SI03
3852,SI04
3853,SI04
3854,SI04
3855,SI04
3856,SI03
3857,SI03
3858,SK01
3859,SK01
3860,SK02
3861,SK02
3862,SK02
3863,SK02
3864,SK04
3865,SK04
3866,SK03
3867,SK03
3868,SK03
3869,SK02
3870,SK02
3871,SK02
3872,SK02
3873,SK04
3874,SK04
3875,SK02
3876,SK03
3877,SK02
3878,SK03
3879,SK03
3880,SK03
3881,SK04
3882,SK02
3883,SK04
3884,SK04
3885,SK02
3886,SK03
3887,SK02
3888,SK04
3889,SK03
3890,SK02
3891,UA32
3892,UA32
3893,UA23
3894,UA23
3895,UA48
3896,UA48
3897,UA05
3898,UA65
3899,UA65
3900,UA43
3901,UA43
3902,UA43
3903,UA63
3904,UA43
3905,UA32
3906,UA43
3907,UA43
3908,UA43
3909,UA43
3910,UA43
3911,UA32
3912,UA43
3913,UA14
3914,UA32
3915,UA23
3916,UA43
3917,UA14
3918,UA09
3919,UA09
3920,UA09
3921,UA09
3923,UA46
3924,UA46
3925,UA12
3926,UA12
3927,UA32
3928,UA32
3929,UA12
3930,UA63
3931,UA30
3932,UA51
3933,UA51
3934,UA12
3935,UA71
3936,UA32
3937,UA12
3938,UA09
3939,UA14
3940,UA14
3941,UA12
3942,UA12
3943,UA12
3944,UA43
3945,UA77
3946,UA14
3947,UA74
3948,UA14
3949,UA14
3950,UA14
3951,UA09
3952,UA12
3953,UA14
3954,UA46
3955,UA14
3956,UA71
3957,UA23
3958,UA46
3959,UA46
3960,UA23
3961,UA46
3962,UA26
3963,UA35
3964,UA46
3965,UA46
3966,UA12
3967,UA07
3968,UA07
3969,UA21
3970,UA21
3971,UA63
3972,UA46
3973,UA46
3974,UA07
3975,UA07
3976,UA26
3977,UA26
3978,UA26
3979,UA61
3980,UA68
3981,UA63
3982,UA18
3983,UA23
3984,UA23
3985,UA59
3986,UA59
3987,UA05
3988,UA05
3989,UA14
3990,UA14
3991,UA14
3992,UA48
3993,UA23
3994,UA59
3995,UA12
3996,UA59
3997,UA43
3998,UA43
3999,UA43
4000,UA12
4001,UA12
4002,UA43
4003,UA14
4004,UA32
4005,UA53
4006,UA65
4007,UA65
4008,UA14
4009,UA65
4010,UA51
4011,UA51
4012,UA14
4013,UA14
4014,UA14
4015,UA14
4016,UA14
4017,UA12
4018,UA09
4019,UA14
4020,UA14
4021,UA63
4022,UA14
4023,UA63
4024,UA09
4025,UA09
4026,UA14
4027,UA53
4028,UA59
4029,UA74
4030,UA32
4031,UA18
4032,UA68
4033,UA51
4034,UA35
4035,UA48
4036,UA48
4037,UA48
4038,UA48
4039,UA14
4040,UA12
4041,UA14
4042,UA09
4045,UA65
4046,UA65
4047,UA05
4048,UA43
4049,UA51
4050,UA77
4051,UA09
4052,UA56
4053,UA56
4054,UA56
4055,UA43
4056,UA68
4057,UA12
4058,UA56
4059,UA56
4060,UA65
4061,UA65
4062,UA40
4063,UA40
4064,UA14
4065,UA09
4066,UA09
4067,UA14
4068,UA14
4069,UA56
4070,UA14
4072,UA71
4073,UA32
4074,UA48
4075,UA48
4076,UA68
4077,UA68
4078,UA68
4079,MD3142
4080,MD3139
4081,MD3246
4082,UA51
4083,UA51
4084,MD3152
4086,MD3140
4087,BE33
4088,BE33
4089,CH05
4090,CH05
4091,ES51
4092,ES51
4093,ES51
4094,ES51
4095,FI1D
4096,GBH2
4097,GBH3
4098,GBL1
4099,GBL1
4100,GBJ2
4101,GBJ2
4102,GBE1
4103,GBG2
4104,GBD4
4105,GBD4
4106,GBD4
4107,GBM6
4108,GBK3
4109,GBD3
4110,GBD3
4111,GBM9
4112,GBJ4
4113,GBE4
4114,GBD1
4115,GBC1
4116,GBL1
4117,GBL1
4118,GBF1
4119,GBF1
4120,GBD1
4121,GBD1
4122,HU21
4123,HU32
4124,HU32
4125,ITH2
4126,ITH2
4127,ITH2
4128,ITC4
4129,ITC4
4130,ITH2
4131,ITI4
4132,LT02
4133,LT02
4134,LV00
4135,LV00
4136,LV00
4137,LV00
4138,NO0A
4139,NO0A
4140,NO0A
4141,NO0A
4142,NO0A
4143,NO0A
4144,NO0A
4145,NO02
4146,NO0A
4147,NO08
4148,NO08
4149,NO08
4150,NO08
4151,NO09
4152,NO09
4153,NO09
4154,NO09
4155,NO09
4156,NO09
4157,NO09
4158,NO09
4159,NO02
4160,NO07
4161,NO0A
4162,NO07
4163,NO07
4164,NO07
4165,NO07
4166,NO07
4167,NO07
4168,NO06
4169,NO06
4170,NO06
4171,NO0A
4172,NO0A
4173,NO0A
4174,NO0A
4175,NO0A
4176,NO0A
4177,NO0A
4178,NO0A
4179,NO0A
4180,NO0A
4181,NO0A
4182,NO0A
4183,NO0A
4184,NO0A
4185,NO09
4186,NO09
4187,NO09
4188,NO08
4189,NO0A
4190,NO09
4191,NO0A
4192,NO0A
4193,NO0A
4194,NO09
4195,NO08
4196,NO0A
4197,NO0A
4198,PL21
4199,PT18
4200,SE31
4201,SE31
4202,SE31
4203,SE31
4204,SE31
4205,SE32
4206,SE31
4207,SE21
4208,SE23
4209,SE23
4210,SE23
4211,SE23
4212,SE32
4213,SE32
4214,SE32
4215,SE22
4216,SE32
4217,SE32
4218,SK04
4219,UA43
4220,UA63
4221,UA30
4222,UA46
4223,UA59
4224,UA46
4225,UA56
4226,UA56
4227,UA26
4228,UA26
4229,UA26
4230,UA35
4231,UA53
4232,UA21
4233,UA30
4234,UA51
4235,UA09
4236,UA09
4237,UA09
4238,UA21
4239,UA23
4240,UA46
4241,UA05
4242,UA05
4243,UA05
4244,UA07
4245,UA07
4257,IE05
4258,ES11
4259,IE05
4260,PT16
4261,ES11
4262,ES11
4263,IE05
4264,ES11
4265,PT11
4266,ES11
4267,PT11
4268,ES11
4269,ES11
4270,PT11
4271,PT11
4272,PT16
4273,ES11
4275,PT11
4276,PT11
4277,ES11
4279,ES11
4281,PT11
4282,PT11
4283,IE05
4284,PT16
4285,ES43
4286,ES43
4287,ES11
4288,PT11
4290,IE05
4291,ES41
4292,ES41
4293,ES43
4294,IE05
4295,IE06
4296,IE06
4298,ES41
4299,ES41
4300,ES41
4301,ES61
4302,IE06
4303,ES43
4304,IE06
4305,ES61
4306,ES61
4307,ES43
4308,ES41
4309,ES41
4310,ES43
4311,ES43
4312,ES61
4313,ES41
4314,ES43
4315,ES61
4316,ES41
4317,ES43
4318,ES43
4319,ES12
4320,ES12
4321,ES61
4322,ES12
4323,ES12
4324,ES12
4325,ES12
4326,ES12
4327,ES12
4328,ES41
4329,ES41
4330,ES42
4331,ES42
4332,ES61
4333,ES61
4334,ES61
4335,ES12
4336,ES12
4337,ES61
4338,ES41
4339,ES41
4340,ES42
4341,ES42
4342,ES13
4343,ES61
4344,ES42
4345,ES13
4346,GBD1
4347,ES41
4348,ES30
4349,ES30
4350,ES30
4351,ES41
4352,ES30
4353,ES42
4354,ES21
4355,ES21
4356,GBM6
4357,ES61
4358,GBM6
4359,ES23
4360,GBM7
4361,GBM6
4362,ES21
4363,ES42
4364,GBM5
4365,ES21
4366,ES23
4367,ES21
4368,ES41
4369,GBM5
4371,ES62
4372,ES62
4373,ES24
4374,ES62
4375,ES24
4376,ES24
4377,ES24
4378,ES52
4379,ES52
4380,ES52
4381,FRJ2
4382,FRJ2
4383,ES52
4384,ES52
4385,GBF3
4387,GBF3
4388,ES24
4389,GBF3
4391,GBH1
4392,GBF3
4393,ES51
4394,GBH1
4395,GBE1
4396,GBH1
4397,ES51
4398,ES51
4399,ES51
4400,GBH1
4401,BE25
4402,NL34
4403,BE25
4404,NL34
4405,ES53
4406,NL34
4407,NL32
4408,NL33
4409,NL33
4410,NL32
4411,BE32
4412,BE35
4413,BE35
4414,BE35
4415,BE35
4417,NL12
4418,NL11
4419,NL21
4420,NL21
4421,NL12
4422,DEA1
4423,DEA1
4424,DEA1
4425,NL13
4426,DEA1
4427,DEB2
4428,DEB2
4429,CH01
4430,DEC0
4431,DEB2
4432,DEC0
4433,DEC0
4434,DEA1
4435,DEA1
4436,CH01
4437,NL11
4438,NL11
4439,DEA1
4440,DEA1
4441,CH01
4442,DEC0
4443,DEC0
4444,DEB2
4445,DEB2
4446,NL11
4447,NL11
4448,DEA3
4449,DEA3
4450,DEA2
4451,DEA2
4452,DEA2
4453,DEA2
4454,DEB2
4455,CH01
4456,DEB1
4457,DEA2
4458,DEB1
4459,ITC2
4460,DEB1
4461,DEB1
4462,ITC2
4463,DEB1
4464,DEB1
4465,CH01
4466,DEB1
4467,DEA3
4468,DEA3
4469,DEA3
4470,DEA3
4471,DEB1
4472,DEB1
4473,ITC1
4474,ITC1
4475,CH02
4476,CH02
4477,DEA5
4478,DEA5
4479,DEA5
4480,DEA5
4481,CH02
4482,CH02
4483,DEA3
4484,DK03
4485,DEA5
4486,DEA5
4487,DE13
4488,CH02
4489,DEB1
4490,ITC3
4491,DE94
4492,DE94
4493,DE94
4494,DE94
4495,DEB1
4496,DEB1
4497,DEA5
4498,CH01
4499,CH03
4500,CH03
4501,DE94
4502,DE94
4503,DEB3
4504,DE94
4505,DE94
4506,ITC3
4507,DEA5
4508,DEB3
4509,DEB3
4510,DE94
4511,CH06
4512,DEA5
4513,DE94
4514,DE13
4515,DE13
4516,CH03
4517,CH03
4518,DK03
4519,ITC1
4520,DE94
4521,DE94
4522,ITC1
4523,DEB3
4524,DEB3
4525,CH01
4526,CH01
4527,DEA4
4528,DEA4
4529,ITC1
4530,DE12
4531,DE12
4532,DE92
4533,DE92
4534,CH06
4535,ITC1
4536,DE71
4537,DE12
4538,ITC1
4539,CH07
4540,CH06
4541,ITC3
4542,CH06
4543,CH06
4544,ITC1
4545,ITC1
4546,DE71
4547,DE71
4548,CH07
4549,DE93
4550,CH06
4551,CH06
4552,CH07
4553,CH05
4554,CH05
4555,CH07
4556,DE11
4557,CH05
4558,CH05
4559,CH05
4560,CH05
4561,DE26
4562,DE26
4563,ITC4
4564,CH05
4565,CH05
4566,DE92
4567,DE92
4568,ITC3
4569,CH05
4570,CH05
4572,CH05
4573,ITC4
4574,ITC4
4575,DE92
4576,CH05
4577,ITC4
4578,CH05
4579,CH05
4580,CH05
4581,CH05
4582,CH05
4583,DE92
4584,ITC4
4585,DE91
4586,DE91
4587,DE92
4588,DE91
4589,DE91
4590,ITC4
4591,ITI1
4592,DE27
4593,DE27
4594,DEF0
4595,DE26
4596,DE26
4597,ITH5
4599,ITH5
4600,ITH5
4601,ITC4
4602,ITH2
4603,DE27
4604,DE27
4605,AT33
4606,AT33
4607,ITH3
4608,ITI1
4609,DK04
4610,ITC4
4611,AT33
4612,ITH2
4613,ITH2
4614,AT33
4615,DE21
4616,DEG0
4617,DE21
4618,DE21
4619,DE23
4620,ITI1
4621,DEE0
4622,ITH3
4623,DE21
4624,ITH3
4625,AT33
4626,ITH3
4627,DE23
4628,DE23
4629,ITH3
4630,ITH3
4631,DK02
4632,ITH3
4633,ITH3
4634,ITH3
4635,DED5
4636,AT33
4637,DED5
4638,SE32
4639,ITI2
4640,ITH4
4641,DE22
4642,DK02
4643,AT32
4644,ITH4
4645,SE32
4646,CZ04
4647,DE80
4648,AT31
4650,DE80
4651,DE40
4652,DE80
4653,SE23
4654,SE23
4655,SE32
4656,SE32
4657,HR03
4658,CZ02
4661,ITF3
4662,PL42
4664,PL42
4665,HR03
4666,ITG1
4667,NO07
4668,SE32
4669,CZ03
4670,PL42
4671,SE12
4672,AT22
4673,AT21
4674,SI03
4675,PL51
4676,PL51
4677,PL42
4678,PL43
4679,PL43
4680,HR03
4681,SE32
4682,SE32
4683,SE32
4684,SI03
4685,PL43
4686,PL43
4687,SE32
4688,SE33
4689,SE32
4690,SE32
4691,SI03
4692,BABIH
4693,SE31
4694,SE31
4695,SE31
4696,SE31
4697,SE31
4698,SE32
4699,CZ06
4700,SE32
4701,SE32
4702,HR02
4703,AT12
4704,AT12
4705,CZ06
4706,CZ06
4707,SE32
4708,PL41
4709,SE32
4710,SE32
4711,HR03
4712,SE32
4713,CZ06
4714,BABIH
4715,SE32
4716,SE32
4717,SE32
4718,SE32
4719,SE32
4720,SE32
4721,SE31
4722,SE32
4723,SE31
4724,SE31
4725,SE31
4726,SE31
4727,SE31
4728,SE31
4729,HU22
4730,HU22
4731,HU22
4732,BASRP
4733,SE31
4734,SE31
4735,SE32
4736,BABIH
4737,BABIH
4738,BABIH
4739,BABIH
4740,BABIH
4741,BABIH
4742,BABIH
4743,BABIH
4744,BABIH
4745,BABIH
4746,BABIH
4747,BABIH
4748,SK02
4749,SK02
4750,SK02
4751,PL41
4752,SK02
4753,BASRP
4754,PL22
4755,HU21
4756,HU21
4757,PL22
4758,ME00
4759,BASRP
4760,HU12
4761,BASRP
4762,BASRP
4763,PL22
4764,PL22
4765,PL22
4766,HU12
4767,PL22
4768,PL22
4769,BASRP
4770,BASRP
4771,RS21
4772,ME00
4773,ME00
4774,PL71
4775,RS21
4776,PL71
4777,AL03
4778,PL71
4779,AL03
4780,ME00
4781,RS12
4782,PL92
4783,RS21
4785,RS12
4786,RS12
4787,RS12
4788,AL01
4789,RS11
4790,RS11
4791,RS12
4792,AL01
4793,AL01
4794,HU31
4795,RS12
4796,RS12
4797,RS11
4798,RS21
4799,AL03
4800,RS21
4801,PL91
4802,HU31
4803,PL21
4804,PL72
4805,PL21
4806,PL72
4807,PL72
4808,PL72
4809,HU31
4810,HU31
4811,RS21
4812,RS22
4813,PL21
4814,PL21
4815,PL92
4816,PL72
4817,RO42
4818,RS21
4820,MK00
4821,RS21
4822,RO42
4823,UA21
4824,UA21
4825,UA21
4826,UA21
4827,UA21
4828,UA21
4829,UA21
4830,RO41
4831,RO41
4832,BG41
4833,PL81
4834,BG41
4835,BG41
4836,RO41
4837,RO11
4838,RO11
4839,RO41
4840,BG41
4841,RO11
4842,RO12
4844,UA46
4845,BG31
4846,BG31
4847,BG31
4848,UA46
4849,RO41
4850,UA46
4851,UA46
4852,BG42
4853,RO41
4854,BG42
4855,BG42
4856,BG42
4857,BG42
4858,BG42
4859,RO41
4860,RO31
4861,RO31
4862,UA07
4863,BG42
4864,FI1D
4865,BG34
4866,UA07
4867,BG34
4868,RO31
4869,FI1D
4870,FI1D
4872,BG32
4873,BG34
4874,BG32
4875,BG34
4876,RO31
4877,RO31
4878,BG34
4879,BG34
4880,BG34
4881,RO32
4882,RO31
4884,FI1D
4885,RO31
4886,FI1D
4887,FI1D
4888,RO22
4889,BG33
4890,BG33
4891,RO22
4892,RO22
4893,NO07
4894,UA48
4895,UA65
4896,UA65
4897,UA65
4898,UA65
4899,UA43
4900,UA43
4901,UA43
4902,UA43
4903,UA43
4905,UA14
4906,UA14
4907,UA09
4909,UA09
4910,UA09
4914,FRH0
4915,FRH0
4916,FRH0
4917,FRG0
4918,FRH0
4919,FRG0
4920,FRG0
4921,FRG0
4922,FRD1
4923,FRI3
4924,FRG0
4925,FRI3
4926,FRI1
4927,FRG0
4928,FRI1
4929,FRD1
4930,FRJ2
4931,FRI3
4932,FRD2
4933,FRI3
4934,FRI1
4935,FRD2
4936,FRD2
4937,FRJ2
4938,FRD2
4939,FRB0
4940,FR10
4941,FRI2
4942,FRJ2
4943,FRI2
4944,FRB0
4945,FRJ1
4946,FRE1
4947,FRE1
4948,FRB0
4949,FR10
4950,FR10
4951,FR10
4952,FRE2
4953,FRE2
4954,FRJ2
4955,FRE1
4956,FRK1
4957,FRE2
4958,FRE2
4959,FRE2
4960,FRF2
4961,FRC1
4962,FRF2
4963,FRK1
4964,FRF2
4965,FRF2
4966,FRC1
4967,FRK2
4968,FRC1
4969,FRC1
4970,FRC1
4971,FRC1
4972,FRJ1
4973,FRF2
4974,FRF2
4975,FRF2
4976,FRF2
4977,FRK2
4978,FRL0
4979,FRK2
4980,FRK2
4981,FRL0
4982,FRF2
4983,FRL0
4984,FRK2
4985,FRK2
4986,FRK2
4987,FRK2
4988,FRF3
4989,FRL0
4990,FRC2
4991,FRL0
4992,FRL0
4993,FRF3
4994,FRK2
4995,FRF3
4996,FRK2
4997,FRF3
4998,FRF3
4999,CH01
5000,FRF3
5001,FRF3
5002,FRL0
5003,FRF1
5004,FRF1
5005,FRF1
5010,GBN0
5011,GBN0
5012,GBN0
5013,GBN0
5014,GBM9
5015,GBM8
5016,GBM8
5017,GBM6
5018,GBM9
5019,GBM7
5020,GBM7
5021,GBM7
5022,GBM7
5023,GBL2
5024,GBM7
5025,GBL2
5027,GBL2
5028,GBL2
5029,GBK1
5030,GBK1
5031,GBK1
5032,GBG1
5033,GBG1
5034,GBM5
5035,GBM5
5036,GBD3
5037,GBD3
5038,GBG2
5039,GBG2
5040,GBG2
5041,GBG2
5042,GBG3
5043,GBG3
5044,GBG3
5045,GBG3
5046,GBE4
5047,GBE4
5048,GBC1
5049,GBF2
5050,GBF2
5051,GBE4
5052,GBE2
5053,NO0A
5054,NO0A
5055,NO0A
5056,NO0A
5057,NO0A
5058,NO0A
5059,NO0A
5060,NO0A
5061,NO0A
5062,NO0A
5063,NO0A
5064,NO0A
5065,NO09
5066,NO0A
5067,NO0A
5068,NO09
5069,NO09
5070,NO0A
5071,NO0A
5072,NO09
5073,NO09
5074,NO09
5075,NO09
5076,NO09
5077,NO09
5078,NO02
5079,NO08
5080,NO02
5081,NO02
5082,NO02
5083,NO02
5084,NO02
5085,NO02
5086,NO02
5087,NO08
5088,NO08
5089,NO08
5090,NO08
5091,NO08
5092,NO08
5093,NO08
5094,NO08
5095,NO08
5096,NO02
5097,NO02
5098,NO02
5099,NO06
5100,LT02
5101,LT02
5102,LV00
5103,LV00
5104,LT02
5105,LT02
5106,LV00
5107,LV00
5108,LV00
5109,LT02
5110,LT02
5111,LV00
5112,LV00
5113,LT02
5114,LV00
5115,UA46
5116,LV00
5117,EE00
5118,LT02
5120,EE00
5121,EE00
5122,EE00
5123,LT02
5124,UA46
5125,EE00
5126,LV00
5127,LV00
5128,LV00
5129,LT01
5130,EE00
5131,LV00
5132,EE00
5133,LV00
5134,LV00
5135,EE00
5136,EE00
5137,LV00
5138,UA56
5139,EE00
5141,EE00
5142,EE00
5143,EE00
5144,EE00
5145,LV00
5150,EE00
5151,MD3246
5152,MD3246
5153,MD3246
5155,MD3246
5158,MD3246
5159,MD3139
5161,MD3139
5162,MD3139
5164,MD3139
5165,MD3142
5168,UA51
5169,UA32
5170,UA32
5171,UA32
5172,UA51
5173,UA32
5174,UA51
5176,UA48
5177,UA65
5178,UA53
5179,UA12
5180,UA43
5181,UA12
5182,UA23
5183,UA23
5185,UA23
5187,UA63
5188,UA12
5189,UA63
5190,UA63
5191,UA63
5193,UA63
5194,UA14
5195,UA63
5196,UA14
5197,UA14
5199,UA14
5201,NL34
5202,BE24
5203,BE23
5204,NL41
5205,NL33
5206,NL33
5207,NL33
5208,NL32
5209,NL33
5210,BE35
5211,BE35
5212,BE21
5213,BE22
5214,NL23
5215,BE34
5216,NL22
5217,NL22
5218,DEA2
5219,DEA2
5220,NL22
5221,NL21
5222,NL22
5223,DEA1
5224,NL21
5225,NL21
5226,DEA2
5227,NL13
5228,DEA2
5229,NL13
5230,NL21
5231,ITC2
5232,ITC2
5233,NL13
5234,NL11
5235,DEA3
5236,ITC1
5237,ITC1
5238,NL11
5239,NL11
5240,NL11
5241,NL11
5242,CH02
5243,CH02
5244,FRF1
5245,FRF1
5246,DE94
5247,CH02
5248,CH02
5249,DEC0
5250,DEA2
5251,DE94
5252,CH02
5253,DE94
5254,DEA2
5255,DE94
5256,ITC2
5257,DEA2
5258,ITC1
5259,DEA2
5260,DEA2
5261,ITC1
5262,DE13
5263,DEA2
5264,DEB1
5265,DE94
5266,DEA2
5267,DE13
5268,DEA3
5269,DE94
5270,DEA5
5271,DEA5
5272,DEA5
5273,DEB1
5274,DE72
5275,DEA3
5276,DEA4
5277,DEA5
5278,DEA5
5279,DE72
5280,DEA4
5281,DE13
5282,DE92
5283,DE94
5284,DEA4
5285,DE71
5286,DE13
5287,DE92
5288,DE92
5289,DE71
5290,DE94
5291,DEA4
5292,DE93
5293,DE71
5294,DE72
5295,DEA4
5296,DE71
5297,DEA5
5298,DE71
5299,DE72
5300,CH07
5301,DE12
5302,DE14
5303,DE11
5304,DEA5
5305,DEA5
5306,DK03
5307,DEF0
5308,DE11
5309,DE72
5310,DEF0
5311,DE92
5312,DE72
5313,DEF0
5314,DEF0
5315,DEF0
5316,DE71
5317,DE73
5318,CH05
5319,DK03
5320,DK03
5321,DE93
5322,DE11
5323,DE12
5324,DE73
5325,CH05
5326,DEF0
5327,DE73
5328,DE73
5329,DEF0
5330,DE73
5331,DE73
5332,DE73
5333,DE73
5334,DE73
5335,DE91
5336,DE11
5337,DE73
5338,ITC4
5339,CH05
5340,CH05
5341,CH05
5342,DE73
5343,DE60
5344,DE26
5345,DEF0
5346,DEG0
5347,DE73
5348,DE60
5349,ITH5
5350,DE93
5351,ITC4
5352,ITC4
5353,ITC4
5354,DEF0
5355,DE26
5356,DE27
5357,DE27
5358,DE80
5359,DE24
5360,DE27
5361,DEG0
5362,DEG0
5363,DE24
5364,DE24
5365,DE24
5366,DE27
5367,DEG0
5368,DE80
5369,DE24
5370,ITI1
5371,DE80
5372,ITI1
5373,DE24
5374,ITI1
5375,DE24
5376,ITH5
5377,DE24
5378,DEE0
5379,DE40
5380,DE40
5381,DEE0
5382,DE80
5383,DE23
5384,DEE0
5385,ITH5
5386,DE23
5387,DE23
5388,AT32
5389,DE23
5390,ITI4
5391,AT32
5392,DE23
5393,CZ03
5394,CZ03
5395,ITI4
5396,DE80
5397,DED5
5398,ITI2
5399,AT32
5400,CZ04
5401,CZ04
5402,ITH4
5403,DE40
5404,SI04
5405,SI04
5406,DE40
5407,DE40
5408,ITF1
5409,ITF1
5410,DE40
5411,DE40
5412,DE40
5413,ITF4
5414,SI03
5415,SI03
5416,AT12
5417,AT22
5418,AT22
5419,CZ06
5420,CZ06
5421,AT11
5422,ITF4
5423,ITF6
5424,AT11
5425,AT12
5426,AT12
5429,IE05
5430,PT17
5431,PT18
5432,IE04
5433,PT15
5434,PT18
5435,PT11
5436,PT18
5437,PT15
5438,IE06
5439,IE06
5440,ES61
5441,ES11
5442,IE06
5443,ES43
5444,IE06
5445,ES12
5446,ES41
5447,ES43
5448,ES41
5449,ES43
5450,ES12
5451,ES41
5452,ES41
5453,ES41
5455,ES41
5456,ES43
5457,ES41
5458,ES41
5459,ES41
5462,ES12
5463,ES41
5464,ES41
5465,ES41
5466,GBM9
5467,ES41
5468,ES41
5469,GBL1
5470,ES41
5471,ES13
5472,ES41
5473,ES13
5474,ES30
5475,ES42
5476,GBL1
5477,ES30
5478,ES30
5479,ES21
5480,GBL2
5481,ES42
5482,GBM7
5483,ES21
5484,GBG2
5485,GBD4
5486,GBK2
5487,GBD4
5488,GBD6
5489,GBM9
5490,GBK1
5491,GBE2
5492,GBE4
5493,GBJ1
5494,ES24
5495,GBJ1
5496,GBE3
5497,ES52
5498,ES52
5499,ES62
5500,GBJ1
5501,ES24
5502,ES52
5503,GBF1
5504,GBF1
5505,GBE1
5506,GBH1
5507,ES24
5509,GBF3
5510,FRB0
5512,GBH3
5513,ES51
5514,ES51
5515,GBJ4
5516,FR10
5517,ES51
5518,FRJ1
5519,ES51
5520,ES51
5521,FRJ1
5522,FRB0
5523,FRJ1
5524,FRJ1
5525,FRJ2
5526,BE32
5527,FRC1
5528,FRF2
5529,FRK2
5530,FRJ1
5531,FRK2
5532,FRK2
5533,FRC2
5534,FRK2
5535,CH02
5536,FRF1
5537,FRF1
5538,DK03
5539,DK04
5540,DK03
5541,DK03
5542,DK04
5543,DK03
5544,DK03
5545,DK05
5546,DK05
5547,DK03
5548,DK04
5549,DK05
5550,DK05
5551,DK04
5552,DK03
5553,SE31
5554,SE31
5555,SE23
5556,SE31
5557,NO06
5558,NO06
5559,SE23
5560,DK01
5561,SE23
5562,DK01
5563,SE22
5564,SE23
5565,SE23
5566,CZ03
5567,SE31
5568,SE31
5569,SE31
5570,SE22
5571,SE22
5572,SE22
5573,SE22
5574,SE23
5575,SE22
5576,SE23
5577,SE23
5578,SE22
5579,SE23
5580,SE23
5581,SE31
5582,SE22
5583,SE22
5584,CZ03
5585,CZ04
5586,CZ04
5587,SE31
5588,SE22
5589,SE32
5590,SE32
5591,SE31
5592,CZ03
5593,SE23
5594,SE22
5595,CZ03
5596,CZ02
5597,SE21
5598,SI03
5599,DE40
5600,SE31
5601,SE12
5602,CZ02
5603,SE32
5604,SE21
5605,CZ03
5606,SE32
5607,SE31
5608,CZ03
5609,SE21
5610,SE21
5611,SE32
5612,SE32
5613,SE32
5616,SE21
5617,SE32
5618,SE12
5619,SE32
5620,SE32
5621,SE31
5622,SE31
5623,SE31
5624,SE31
5625,SE32
5626,SE21
5627,CZ05
5628,SE32
5629,CZ06
5630,SE31
5631,SE31
5632,SE31
5633,SE21
5634,SE32
5635,SE21
5636,SE31
5637,SE31
5638,SE31
5639,SE12
5640,SE31
5641,SE32
5642,SE31
5643,SE32
5644,SE32
5645,SE31
5646,SE32
5647,SE31
5648,HR06
5649,SE32
5650,SE21
5651,PL51
5652,SE31
5653,CZ06
5654,SE31
5655,SE31
5656,HU22
5657,CZ05
5658,HR06
5659,SE33
5660,PL51
5661,SE31
5662,SE32
5663,SE31
5664,SE31
5665,CZ07
5666,SE31
5667,PL51
5668,SE32
5669,SE31
5670,SE32
5671,PL51
5672,SE33
5673,BASRP
5674,SK01
5675,SE12
5676,NO07
5677,NO07
5678,HU22
5679,CZ07
5680,HU22
5681,PL52
5682,SE32
5683,SK02
5684,SE32
5685,SE12
5686,SE32
5687,HU21
5688,SE33
5689,PL22
5690,BASRP
5691,BASRP
5692,SE33
5693,SE33
5694,BASRP
5695,HR02
5696,SE33
5697,BABIH
5698,CZ08
5699,SK03
5700,ME00
5701,ME00
5702,ME00
5703,PL22
5704,SK02
5705,SE32
5706,SE33
5707,PL71
5708,HR02
5709,SK03
5710,SE33
5711,PL22
5712,SK03
5713,SK03
5714,SE33
5715,SE33
5716,SE33
5717,SE33
5718,SK03
5719,RS12
5720,HU33
5721,HU33
5722,PL71
5723,PL92
5724,SE33
5725,SE33
5726,HU31
5727,RS21
5728,HU33
5729,SE33
5730,PL21
5731,AL03
5732,RS12
5733,SK04
5734,GR54
5735,SE33
5736,PL21
5737,SK04
5738,RO42
5739,RS22
5740,PL91
5741,MK00
5742,GR53
5743,MK00
5744,GR53
5745,FI19
5746,FI19
5747,FI19
5748,FI19
5749,PL91
5750,PL91
5751,RO11
5752,SK04
5753,FI19
5754,PL82
5755,PL81
5756,FI19
5757,SE33
5758,MK00
5759,MK00
5760,UA21
5761,RO11
5762,FI19
5763,FI19
5764,GR64
5765,GR52
5766,RS22
5767,SE33
5768,GR52
5769,GR52
5770,FI19
5771,BG41
5772,UA21
5773,UA21
5774,FI19
5775,GR61
5776,RS22
5777,FI19
5778,FI19
5779,RS22
5780,GR52
5781,GR52
5782,SE33
5783,BG41
5784,PL84
5785,UA21
5786,BG41
5787,FI19
5788,GR64
5789,GR52
5790,BG41
5791,BG31
5792,BG41
5793,BG41
5794,RO11
5795,UA46
5796,BG41
5797,BG31
5798,GR64
5799,BG41
5800,LT02
5801,RO41
5802,RO12
5803,FI19
5804,GR64
5805,FI19
5806,FI1D
5807,RO41
5808,BG31
5809,RO11
5810,GR64
5811,FI1D
5812,RO41
5813,GR30
5814,BG31
5815,BG31
5816,GR64
5817,FI19
5818,RO12
5819,RO11
5820,FI1D
5821,GR30
5822,FI1D
5823,SE33
5824,FI19
5825,FI1B
5826,BG42
5827,FI1C
5828,GR51
5829,FI1B
5830,FI1C
5831,FI1B
5832,FI1B
5833,FI1C
5834,RO41
5835,FI1B
5836,FI1B
5837,BG42
5838,FI1B
5839,FI1B
5840,FI1D
5841,BG42
5842,FI19
5843,BG42
5844,BG32
5847,FI1D
5849,FI1B
5850,FI1D
5851,FI1B
5852,GR51
5853,RO12
5854,BG34
5856,RO12
5857,FI1B
5858,BG32
5859,RO12
5860,GR51
5861,RO12
5862,BG33
5863,BG42
5864,FI1D
5866,GR51
5868,RO31
5869,RO21
5870,RO21
5871,BG34
5872,BG34
5873,FI1D
5874,RO31
5875,RO31
5876,RO31
5877,RO22
5878,RO22
5880,MD8855
5882,NO0A
5883,NO0A
5884,NO0A
5885,NO0A
5886,NO0A
5887,NO0A
5888,NO0A
5889,NO0A
5890,NO0A
5891,NO0A
5892,NO0A
5893,NO0A
5894,NO0A
5895,NO0A
5896,NO0A
5897,NO09
5898,NO09
5899,NO09
5900,NO09
5901,NO09
5902,NO09
5903,NO09
5904,NO09
5905,NO09
5906,NO09
5907,NO09
5908,NO09
5909,NO09
5910,NO09
5911,NO09
5912,NO09
5913,NO09
5914,NO09
5915,NO09
5916,NO09
5917,NO09
5918,NO09
5919,NO09
5920,NO08
5921,NO07
5922,NO07
5923,NO07
5924,NO07
5925,NO07
5926,NO07
5927,NO07
5928,NO07
5929,NO07
5930,NO07
5936,UA26
5937,UA35
5938,UA12
5939,UA12
5942,BE25
5943,BE33
5948,DEF0
5949,DEA2
5950,DE80
5958,DK03
5962,DK03
5964,DK04
5966,DK04
5967,EE00
5968,ES53
5969,ES52
5970,FI19
5971,FI19
5974,FRM0
5975,FRD1
5976,FRE1
5977,FRE1
5979,GBJ4
5980,GBJ4
5983,GBN0
5986,GBM9
5988,GBM9
5989,GBL2
5990,GBL2
5991,GBM6
5992,GBJ3
5993,GBC2
5994,GBJ4
5998,GBF3
5999,GBM6
6000,GR54
6001,IE06
6002,ITF4
6005,ITG2
6006,ITI1
6008,ITG2
6009,ITF1
6010,ITI4
6011,ME00
6012,NL11
6013,NL11
6014,NL33
6016,SE12
6018,SE22
6020,SE21
6021,SE31
6023,SE22
6025,NO09
6029,SE21
6030,SE21
6031,FI1B
6032,EE00
6033,DK05
6034,SE23
6035,SE21
6036,LT02
6037,FRJ1
6038,ES51
6039,NO09
6040,GBJ4
6041,DK03
6042,DK02
6043,DK02
6044,NO09
6045,DEF0
6046,SE22
6047,PL63
6048,FI1B
6049,NO09
6050,NO0A
